ts,equity
2023-01-01 00:00:00.000,10000.0
2023-01-01 08:00:00.008,10000.0
2023-01-01 16:00:00.000,10000.0
2023-01-02 00:00:00.000,10000.0
2023-01-02 08:00:00.008,10000.0
2023-01-02 16:00:00.015,10000.0
2023-01-03 00:00:00.003,10000.0
2023-01-03 08:00:00.018,10000.0
2023-01-03 16:00:00.000,9952.939052674366
2023-01-04 00:00:00.000,9952.939052674366
2023-01-04 08:00:00.016,9952.939052674366
2023-01-04 16:00:00.011,9952.939052674366
2023-01-05 00:00:00.009,9952.939052674366
2023-01-05 08:00:00.011,9952.939052674366
2023-01-05 16:00:00.000,9952.939052674366
2023-01-06 00:00:00.005,9952.939052674366
2023-01-06 08:00:00.001,9952.939052674366
2023-01-06 16:00:00.000,9952.939052674366
2023-01-07 00:00:00.006,9952.939052674366
2023-01-07 08:00:00.017,9952.939052674366
2023-01-07 16:00:00.000,9952.939052674366
2023-01-08 00:00:00.015,9952.939052674366
2023-01-08 08:00:00.000,9952.939052674366
2023-01-08 16:00:00.010,9952.939052674366
2023-01-09 00:00:00.003,9952.939052674366
2023-01-09 08:00:00.000,9952.939052674366
2023-01-09 16:00:00.006,9952.939052674366
2023-01-10 00:00:00.003,9952.939052674366
2023-01-10 08:00:00.021,9952.939052674366
2023-01-10 16:00:00.000,9952.939052674366
2023-01-11 00:00:00.011,9952.939052674366
2023-01-11 08:00:00.006,9952.939052674366
2023-01-11 16:00:00.004,9952.939052674366
2023-01-12 00:00:00.000,9952.939052674366
2023-01-12 08:00:00.000,9952.939052674366
2023-01-12 16:00:00.000,9952.939052674366
2023-01-13 00:00:00.004,9952.939052674366
2023-01-13 08:00:00.000,9952.939052674366
2023-01-13 16:00:00.018,9952.939052674366
2023-01-14 00:00:00.000,9952.939052674366
2023-01-14 08:00:00.001,9952.939052674366
2023-01-14 16:00:00.000,9952.939052674366
2023-01-15 00:00:00.010,9952.939052674366
2023-01-15 08:00:00.002,9952.939052674366
2023-01-15 16:00:00.000,9952.939052674366
2023-01-16 00:00:00.010,9952.939052674366
2023-01-16 08:00:00.007,9952.939052674366
2023-01-16 16:00:00.000,9952.939052674366
2023-01-17 00:00:00.004,9952.939052674366
2023-01-17 08:00:00.005,9952.939052674366
2023-01-17 16:00:00.001,9952.939052674366
2023-01-18 00:00:00.008,9952.939052674366
2023-01-18 08:00:00.009,9952.939052674366
2023-01-18 16:00:00.017,9952.939052674366
2023-01-19 00:00:00.000,9952.939052674366
2023-01-19 08:00:00.015,9952.939052674366
2023-01-19 16:00:00.012,9952.939052674366
2023-01-20 00:00:00.000,9952.939052674366
2023-01-20 08:00:00.000,9952.939052674366
2023-01-20 16:00:00.000,9952.939052674366
2023-01-21 00:00:00.013,9952.939052674366
2023-01-21 08:00:00.001,9952.939052674366
2023-01-21 16:00:00.016,9952.939052674366
2023-01-22 00:00:00.000,9952.939052674366
2023-01-22 08:00:00.000,9952.939052674366
2023-01-22 16:00:00.023,9952.939052674366
2023-01-23 00:00:00.014,9952.939052674366
2023-01-23 08:00:00.014,9952.939052674366
2023-01-23 16:00:00.016,9952.939052674366
2023-01-24 00:00:00.008,9952.939052674366
2023-01-24 08:00:00.008,9952.939052674366
2023-01-24 16:00:00.000,9952.939052674366
2023-01-25 00:00:00.012,9952.939052674366
2023-01-25 08:00:00.000,9952.939052674366
2023-01-25 16:00:00.010,9952.939052674366
2023-01-26 00:00:00.010,9952.939052674366
2023-01-26 08:00:00.003,9952.939052674366
2023-01-26 16:00:00.020,9952.939052674366
2023-01-27 00:00:00.008,9952.939052674366
2023-01-27 08:00:00.000,9952.939052674366
2023-01-27 16:00:00.000,9952.939052674366
2023-01-28 00:00:00.009,9952.939052674366
2023-01-28 08:00:00.018,9952.939052674366
2023-01-28 16:00:00.005,9952.939052674366
2023-01-29 00:00:00.011,9952.939052674366
2023-01-29 08:00:00.000,9952.939052674366
2023-01-29 16:00:00.008,9952.939052674366
2023-01-30 00:00:00.001,9952.939052674366
2023-01-30 08:00:00.000,9952.939052674366
2023-01-30 16:00:00.000,9952.939052674366
2023-01-31 00:00:00.005,9952.939052674366
2023-01-31 08:00:00.000,9952.939052674366
2023-01-31 16:00:00.007,9952.939052674366
2023-02-01 00:00:00.013,9952.939052674366
2023-02-01 08:00:00.000,9952.939052674366
2023-02-01 16:00:00.012,9952.939052674366
2023-02-02 00:00:00.004,9952.939052674366
2023-02-02 08:00:00.023,9952.939052674366
2023-02-02 16:00:00.003,9952.939052674366
2023-02-03 00:00:00.010,9952.939052674366
2023-02-03 08:00:00.000,9952.939052674366
2023-02-03 16:00:00.000,9952.939052674366
2023-02-04 00:00:00.010,9952.939052674366
2023-02-04 08:00:00.000,9952.939052674366
2023-02-04 16:00:00.000,9952.939052674366
2023-02-05 00:00:00.016,9952.939052674366
2023-02-05 08:00:00.009,9952.939052674366
2023-02-05 16:00:00.018,9952.939052674366
2023-02-06 00:00:00.001,9952.939052674366
2023-02-06 08:00:00.000,9952.939052674366
2023-02-06 16:00:00.012,9952.939052674366
2023-02-07 00:00:00.004,9952.939052674366
2023-02-07 08:00:00.011,9952.939052674366
2023-02-07 16:00:00.018,9952.939052674366
2023-02-08 00:00:00.009,9952.939052674366
2023-02-08 08:00:00.010,9952.939052674366
2023-02-08 16:00:00.000,9952.939052674366
2023-02-09 00:00:00.014,9952.939052674366
2023-02-09 08:00:00.006,9952.939052674366
2023-02-09 16:00:00.001,9952.939052674366
2023-02-10 00:00:00.012,9952.939052674366
2023-02-10 08:00:00.005,9952.939052674366
2023-02-10 16:00:00.020,9952.939052674366
2023-02-11 00:00:00.007,9952.939052674366
2023-02-11 08:00:00.002,9952.939052674366
2023-02-11 16:00:00.021,9952.939052674366
2023-02-12 00:00:00.004,9952.939052674366
2023-02-12 08:00:00.000,9952.939052674366
2023-02-12 16:00:00.002,9952.939052674366
2023-02-13 00:00:00.006,9952.939052674366
2023-02-13 08:00:00.008,9952.939052674366
2023-02-13 16:00:00.002,9952.939052674366
2023-02-14 00:00:00.013,9952.939052674366
2023-02-14 08:00:00.014,9952.939052674366
2023-02-14 16:00:00.016,9952.939052674366
2023-02-15 00:00:00.011,9952.939052674366
2023-02-15 08:00:00.000,9952.939052674366
2023-02-15 16:00:00.005,9952.939052674366
2023-02-16 00:00:00.019,9952.939052674366
2023-02-16 08:00:00.000,9952.939052674366
2023-02-16 16:00:00.001,9952.939052674366
2023-02-17 00:00:00.003,9952.939052674366
2023-02-17 08:00:00.016,9952.939052674366
2023-02-17 16:00:00.000,9952.939052674366
2023-02-18 00:00:00.011,9952.939052674366
2023-02-18 08:00:00.000,9952.939052674366
2023-02-18 16:00:00.007,9952.939052674366
2023-02-19 00:00:00.019,9952.939052674366
2023-02-19 08:00:00.005,9952.939052674366
2023-02-19 16:00:00.003,9952.939052674366
2023-02-20 00:00:00.006,9952.939052674366
2023-02-20 08:00:00.008,9952.939052674366
2023-02-20 16:00:00.006,9952.939052674366
2023-02-21 00:00:00.001,9952.939052674366
2023-02-21 08:00:00.004,9952.939052674366
2023-02-21 16:00:00.011,9952.939052674366
2023-02-22 00:00:00.009,9952.939052674366
2023-02-22 08:00:00.010,9952.939052674366
2023-02-22 16:00:00.000,9952.939052674366
2023-02-23 00:00:00.006,9952.939052674366
2023-02-23 08:00:00.005,9952.939052674366
2023-02-23 16:00:00.002,9952.939052674366
2023-02-24 00:00:00.015,9952.939052674366
2023-02-24 08:00:00.011,9952.939052674366
2023-02-24 16:00:00.014,9952.939052674366
2023-02-25 00:00:00.015,9952.939052674366
2023-02-25 08:00:00.015,9952.939052674366
2023-02-25 16:00:00.015,9952.939052674366
2023-02-26 00:00:00.007,9952.939052674366
2023-02-26 08:00:00.012,9952.939052674366
2023-02-26 16:00:00.000,9952.939052674366
2023-02-27 00:00:00.011,9952.939052674366
2023-02-27 08:00:00.003,9952.939052674366
2023-02-27 16:00:00.000,9952.939052674366
2023-02-28 00:00:00.011,9952.939052674366
2023-02-28 08:00:00.018,9952.939052674366
2023-02-28 16:00:00.005,9952.939052674366
2023-03-01 00:00:00.016,9952.939052674366
2023-03-01 08:00:00.000,9952.939052674366
2023-03-01 16:00:00.008,9952.939052674366
2023-03-02 00:00:00.009,9952.939052674366
2023-03-02 08:00:00.013,9952.939052674366
2023-03-02 16:00:00.000,9952.939052674366
2023-03-03 00:00:00.000,9952.939052674366
2023-03-03 08:00:00.013,9952.939052674366
2023-03-03 16:00:00.000,9952.939052674366
2023-03-04 00:00:00.001,9952.939052674366
2023-03-04 08:00:00.008,9952.939052674366
2023-03-04 16:00:00.012,9948.202445234141
2023-03-05 00:00:00.000,9948.202445234141
2023-03-05 08:00:00.000,9948.202445234141
2023-03-05 16:00:00.015,9948.202445234141
2023-03-06 00:00:00.007,9948.202445234141
2023-03-06 08:00:00.017,9948.202445234141
2023-03-06 16:00:00.000,9948.202445234141
2023-03-07 00:00:00.009,9948.202445234141
2023-03-07 08:00:00.016,9948.202445234141
2023-03-07 16:00:00.017,9948.202445234141
2023-03-08 00:00:00.000,9948.202445234141
2023-03-08 08:00:00.014,9948.202445234141
2023-03-08 16:00:00.021,9948.202445234141
2023-03-09 00:00:00.010,9948.202445234141
2023-03-09 08:00:00.013,9948.202445234141
2023-03-09 16:00:00.002,9948.202445234141
2023-03-10 00:00:00.000,9948.202445234141
2023-03-10 08:00:00.000,9948.202445234141
2023-03-10 16:00:00.005,9948.202445234141
2023-03-11 00:00:00.011,9948.202445234141
2023-03-11 08:00:00.003,9992.77655774975
2023-03-11 16:00:00.011,9992.77655774975
2023-03-12 00:00:00.001,9992.77655774975
2023-03-12 08:00:00.000,9992.77655774975
2023-03-12 16:00:00.005,9992.77655774975
2023-03-13 00:00:00.010,10962.302937985212
2023-03-13 08:00:00.018,10962.302937985212
2023-03-13 16:00:00.003,10962.302937985212
2023-03-14 00:00:00.010,10962.302937985212
2023-03-14 08:00:00.009,10962.302937985212
2023-03-14 16:00:00.010,10962.302937985212
2023-03-15 00:00:00.011,10962.302937985212
2023-03-15 08:00:00.000,10962.302937985212
2023-03-15 16:00:00.012,10962.302937985212
2023-03-16 00:00:00.004,10962.302937985212
2023-03-16 08:00:00.018,10962.302937985212
2023-03-16 16:00:00.005,10962.302937985212
2023-03-17 00:00:00.017,10962.302937985212
2023-03-17 08:00:00.010,10962.302937985212
2023-03-17 16:00:00.003,10962.302937985212
2023-03-18 00:00:00.012,10962.302937985212
2023-03-18 08:00:00.000,10962.302937985212
2023-03-18 16:00:00.016,10962.302937985212
2023-03-19 00:00:00.013,10962.302937985212
2023-03-19 08:00:00.024,10962.302937985212
2023-03-19 16:00:00.000,10962.302937985212
2023-03-20 00:00:00.005,10962.302937985212
2023-03-20 08:00:00.012,10962.302937985212
2023-03-20 16:00:00.015,10962.302937985212
2023-03-21 00:00:00.006,10962.302937985212
2023-03-21 08:00:00.004,10962.302937985212
2023-03-21 16:00:00.003,10962.302937985212
2023-03-22 00:00:00.000,10962.302937985212
2023-03-22 08:00:00.003,10962.302937985212
2023-03-22 16:00:00.000,10962.302937985212
2023-03-23 00:00:00.016,10962.302937985212
2023-03-23 08:00:00.001,10962.302937985212
2023-03-23 16:00:00.013,10962.302937985212
2023-03-24 00:00:00.013,10962.302937985212
2023-03-24 08:00:00.012,10962.302937985212
2023-03-24 16:00:00.027,10962.302937985212
2023-03-25 00:00:00.015,10962.302937985212
2023-03-25 08:00:00.011,10962.302937985212
2023-03-25 16:00:00.011,10962.302937985212
2023-03-26 00:00:00.000,10962.302937985212
2023-03-26 08:00:00.015,10962.302937985212
2023-03-26 16:00:00.000,10962.302937985212
2023-03-27 00:00:00.019,10962.302937985212
2023-03-27 08:00:00.009,10962.302937985212
2023-03-27 16:00:00.000,10683.851938632039
2023-03-28 00:00:00.007,10683.851938632039
2023-03-28 08:00:00.000,10683.851938632039
2023-03-28 16:00:00.013,10683.851938632039
2023-03-29 00:00:00.010,10683.851938632039
2023-03-29 08:00:00.006,10683.851938632039
2023-03-29 16:00:00.014,10683.851938632039
2023-03-30 00:00:00.000,10683.851938632039
2023-03-30 08:00:00.000,10683.851938632039
2023-03-30 16:00:00.006,10683.851938632039
2023-03-31 00:00:00.003,10683.851938632039
2023-03-31 08:00:00.006,10683.851938632039
2023-03-31 16:00:00.011,10683.851938632039
2023-04-01 00:00:00.000,10683.851938632039
2023-04-01 08:00:00.000,10925.073585954997
2023-04-01 16:00:00.018,10925.073585954997
2023-04-02 00:00:00.013,10925.073585954997
2023-04-02 08:00:00.014,10925.073585954997
2023-04-02 16:00:00.001,10925.073585954997
2023-04-03 00:00:00.000,10925.073585954997
2023-04-03 08:00:00.013,10925.073585954997
2023-04-03 16:00:00.011,10925.073585954997
2023-04-04 00:00:00.002,10925.073585954997
2023-04-04 08:00:00.017,10925.073585954997
2023-04-04 16:00:00.008,10925.073585954997
2023-04-05 00:00:00.000,10925.073585954997
2023-04-05 08:00:00.016,10914.811507853175
2023-04-05 16:00:00.004,10914.811507853175
2023-04-06 00:00:00.000,10914.811507853175
2023-04-06 08:00:00.011,10914.811507853175
2023-04-06 16:00:00.000,10914.811507853175
2023-04-07 00:00:00.006,10914.811507853175
2023-04-07 08:00:00.005,10914.811507853175
2023-04-07 16:00:00.000,10914.811507853175
2023-04-08 00:00:00.000,10923.722050100634
2023-04-08 08:00:00.014,10923.722050100634
2023-04-08 16:00:00.018,10923.722050100634
2023-04-09 00:00:00.013,10923.722050100634
2023-04-09 08:00:00.024,10923.722050100634
2023-04-09 16:00:00.010,10923.722050100634
2023-04-10 00:00:00.000,10923.722050100634
2023-04-10 08:00:00.010,10923.722050100634
2023-04-10 16:00:00.006,10923.722050100634
2023-04-11 00:00:00.008,10923.722050100634
2023-04-11 08:00:00.007,10923.722050100634
2023-04-11 16:00:00.016,10923.722050100634
2023-04-12 00:00:00.006,10923.722050100634
2023-04-12 08:00:00.008,10923.722050100634
2023-04-12 16:00:00.014,10923.722050100634
2023-04-13 00:00:00.027,10923.722050100634
2023-04-13 08:00:00.010,10923.722050100634
2023-04-13 16:00:00.000,10923.722050100634
2023-04-14 00:00:00.001,10923.722050100634
2023-04-14 08:00:00.008,10923.722050100634
2023-04-14 16:00:00.007,10923.722050100634
2023-04-15 00:00:00.007,10923.722050100634
2023-04-15 08:00:00.007,10923.722050100634
2023-04-15 16:00:00.011,10923.722050100634
2023-04-16 00:00:00.014,10923.722050100634
2023-04-16 08:00:00.007,10879.793651117405
2023-04-16 16:00:00.002,10879.793651117405
2023-04-17 00:00:00.017,10879.793651117405
2023-04-17 08:00:00.006,10879.793651117405
2023-04-17 16:00:00.000,10879.793651117405
2023-04-18 00:00:00.013,10879.793651117405
2023-04-18 08:00:00.017,10879.793651117405
2023-04-18 16:00:00.000,10879.793651117405
2023-04-19 00:00:00.022,10879.793651117405
2023-04-19 08:00:00.014,10879.793651117405
2023-04-19 16:00:00.000,10879.793651117405
2023-04-20 00:00:00.010,10879.793651117405
2023-04-20 08:00:00.012,10879.793651117405
2023-04-20 16:00:00.012,10879.793651117405
2023-04-21 00:00:00.009,10879.793651117405
2023-04-21 08:00:00.009,10879.793651117405
2023-04-21 16:00:00.003,10879.793651117405
2023-04-22 00:00:00.000,10879.793651117405
2023-04-22 08:00:00.000,10879.793651117405
2023-04-22 16:00:00.016,10879.793651117405
2023-04-23 00:00:00.009,10879.793651117405
2023-04-23 08:00:00.020,10879.793651117405
2023-04-23 16:00:00.007,10879.793651117405
2023-04-24 00:00:00.000,10879.793651117405
2023-04-24 08:00:00.008,10879.793651117405
2023-04-24 16:00:00.006,10879.793651117405
2023-04-25 00:00:00.014,10879.793651117405
2023-04-25 08:00:00.009,10879.793651117405
2023-04-25 16:00:00.015,10879.793651117405
2023-04-26 00:00:00.015,10879.793651117405
2023-04-26 08:00:00.013,10879.793651117405
2023-04-26 16:00:00.001,10879.793651117405
2023-04-27 00:00:00.014,10879.793651117405
2023-04-27 08:00:00.008,10879.793651117405
2023-04-27 16:00:00.005,10879.793651117405
2023-04-28 00:00:00.011,10879.793651117405
2023-04-28 08:00:00.007,10879.793651117405
2023-04-28 16:00:00.006,10879.793651117405
2023-04-29 00:00:00.004,10879.793651117405
2023-04-29 08:00:00.016,10879.793651117405
2023-04-29 16:00:00.001,10879.793651117405
2023-04-30 00:00:00.008,10879.793651117405
2023-04-30 08:00:00.000,10879.793651117405
2023-04-30 16:00:00.010,10879.793651117405
2023-05-01 00:00:00.004,10879.793651117405
2023-05-01 08:00:00.008,10879.793651117405
2023-05-01 16:00:00.014,10879.793651117405
2023-05-02 00:00:00.015,10879.793651117405
2023-05-02 08:00:00.018,10879.793651117405
2023-05-02 16:00:00.000,11061.329548581101
2023-05-03 00:00:00.009,11061.329548581101
2023-05-03 08:00:00.003,11061.329548581101
2023-05-03 16:00:00.011,11061.329548581101
2023-05-04 00:00:00.000,11061.329548581101
2023-05-04 08:00:00.000,11061.329548581101
2023-05-04 16:00:00.011,11061.329548581101
2023-05-05 00:00:00.002,11061.329548581101
2023-05-05 08:00:00.000,11061.329548581101
2023-05-05 16:00:00.000,11061.329548581101
2023-05-06 00:00:00.009,11061.329548581101
2023-05-06 08:00:00.000,11061.329548581101
2023-05-06 16:00:00.000,11061.329548581101
2023-05-07 00:00:00.000,11061.329548581101
2023-05-07 08:00:00.000,11061.329548581101
2023-05-07 16:00:00.006,11061.329548581101
2023-05-08 00:00:00.000,11061.329548581101
2023-05-08 08:00:00.007,11061.329548581101
2023-05-08 16:00:00.015,11061.329548581101
2023-05-09 00:00:00.015,11061.329548581101
2023-05-09 08:00:00.000,11061.329548581101
2023-05-09 16:00:00.000,11061.329548581101
2023-05-10 00:00:00.007,11061.329548581101
2023-05-10 08:00:00.003,11061.329548581101
2023-05-10 16:00:00.000,11061.329548581101
2023-05-11 00:00:00.011,11061.329548581101
2023-05-11 08:00:00.000,11061.329548581101
2023-05-11 16:00:00.005,11061.329548581101
2023-05-12 00:00:00.020,11061.329548581101
2023-05-12 08:00:00.001,11061.329548581101
2023-05-12 16:00:00.010,11061.329548581101
2023-05-13 00:00:00.000,11061.329548581101
2023-05-13 08:00:00.000,11061.329548581101
2023-05-13 16:00:00.026,11061.329548581101
2023-05-14 00:00:00.029,11061.329548581101
2023-05-14 08:00:00.010,11061.329548581101
2023-05-14 16:00:00.008,11061.329548581101
2023-05-15 00:00:00.006,11061.329548581101
2023-05-15 08:00:00.005,11061.329548581101
2023-05-15 16:00:00.008,11061.329548581101
2023-05-16 00:00:00.021,11061.329548581101
2023-05-16 08:00:00.000,11061.329548581101
2023-05-16 16:00:00.000,11061.329548581101
2023-05-17 00:00:00.010,11061.329548581101
2023-05-17 08:00:00.000,11061.329548581101
2023-05-17 16:00:00.001,11061.329548581101
2023-05-18 00:00:00.000,11061.329548581101
2023-05-18 08:00:00.026,11061.329548581101
2023-05-18 16:00:00.019,11061.329548581101
2023-05-19 00:00:00.000,11061.329548581101
2023-05-19 08:00:00.002,11061.329548581101
2023-05-19 16:00:00.000,11061.329548581101
2023-05-20 00:00:00.005,11061.329548581101
2023-05-20 08:00:00.014,11061.329548581101
2023-05-20 16:00:00.020,11061.329548581101
2023-05-21 00:00:00.014,11061.329548581101
2023-05-21 08:00:00.001,11061.329548581101
2023-05-21 16:00:00.015,11061.329548581101
2023-05-22 00:00:00.028,11061.329548581101
2023-05-22 08:00:00.000,11061.329548581101
2023-05-22 16:00:00.012,11061.329548581101
2023-05-23 00:00:00.006,11061.329548581101
2023-05-23 08:00:00.014,11061.329548581101
2023-05-23 16:00:00.008,11061.329548581101
2023-05-24 00:00:00.000,11061.329548581101
2023-05-24 08:00:00.025,11061.329548581101
2023-05-24 16:00:00.008,11061.329548581101
2023-05-25 00:00:00.000,11061.329548581101
2023-05-25 08:00:00.025,11061.329548581101
2023-05-25 16:00:00.016,11061.329548581101
2023-05-26 00:00:00.000,11061.329548581101
2023-05-26 08:00:00.024,11061.329548581101
2023-05-26 16:00:00.012,11061.329548581101
2023-05-27 00:00:00.012,11061.329548581101
2023-05-27 08:00:00.018,11061.329548581101
2023-05-27 16:00:00.008,11061.329548581101
2023-05-28 00:00:00.017,11061.329548581101
2023-05-28 08:00:00.015,11061.329548581101
2023-05-28 16:00:00.000,11061.329548581101
2023-05-29 00:00:00.000,11061.329548581101
2023-05-29 08:00:00.020,11061.329548581101
2023-05-29 16:00:00.011,11061.329548581101
2023-05-30 00:00:00.003,11061.329548581101
2023-05-30 08:00:00.000,11061.329548581101
2023-05-30 16:00:00.003,11061.329548581101
2023-05-31 00:00:00.013,11061.329548581101
2023-05-31 08:00:00.000,11061.329548581101
2023-05-31 16:00:00.000,11061.329548581101
2023-06-01 00:00:00.008,11061.329548581101
2023-06-01 08:00:00.012,11061.329548581101
2023-06-01 16:00:00.000,11061.329548581101
2023-06-02 00:00:00.000,11061.329548581101
2023-06-02 08:00:00.006,11061.329548581101
2023-06-02 16:00:00.012,11061.329548581101
2023-06-03 00:00:00.000,11061.329548581101
2023-06-03 08:00:00.011,11061.329548581101
2023-06-03 16:00:00.003,11061.329548581101
2023-06-04 00:00:00.000,11061.329548581101
2023-06-04 08:00:00.000,11061.329548581101
2023-06-04 16:00:00.000,11061.329548581101
2023-06-05 00:00:00.005,11061.329548581101
2023-06-05 08:00:00.000,11061.329548581101
2023-06-05 16:00:00.000,11061.329548581101
2023-06-06 00:00:00.000,11061.329548581101
2023-06-06 08:00:00.009,11061.329548581101
2023-06-06 16:00:00.013,11061.329548581101
2023-06-07 00:00:00.000,11061.329548581101
2023-06-07 08:00:00.016,11320.322269000406
2023-06-07 16:00:00.000,11320.322269000406
2023-06-08 00:00:00.006,11320.322269000406
2023-06-08 08:00:00.000,11320.322269000406
2023-06-08 16:00:00.000,11320.322269000406
2023-06-09 00:00:00.000,11320.322269000406
2023-06-09 08:00:00.000,11320.322269000406
2023-06-09 16:00:00.000,11320.322269000406
2023-06-10 00:00:00.000,11320.322269000406
2023-06-10 08:00:00.000,11320.322269000406
2023-06-10 16:00:00.000,11320.322269000406
2023-06-11 00:00:00.001,11320.322269000406
2023-06-11 08:00:00.000,11320.322269000406
2023-06-11 16:00:00.000,11320.322269000406
2023-06-12 00:00:00.000,11320.322269000406
2023-06-12 08:00:00.000,11320.322269000406
2023-06-12 16:00:00.001,11320.322269000406
2023-06-13 00:00:00.000,11320.322269000406
2023-06-13 08:00:00.000,11320.322269000406
2023-06-13 16:00:00.000,11320.322269000406
2023-06-14 00:00:00.000,11320.322269000406
2023-06-14 08:00:00.000,11320.322269000406
2023-06-14 16:00:00.000,11320.322269000406
2023-06-15 00:00:00.000,11320.322269000406
2023-06-15 08:00:00.000,11320.322269000406
2023-06-15 16:00:00.000,11320.322269000406
2023-06-16 00:00:00.000,11320.322269000406
2023-06-16 08:00:00.000,11697.819883449054
2023-06-16 16:00:00.000,11697.819883449054
2023-06-17 00:00:00.000,11697.819883449054
2023-06-17 08:00:00.000,11697.819883449054
2023-06-17 16:00:00.000,11697.819883449054
2023-06-18 00:00:00.000,11697.819883449054
2023-06-18 08:00:00.000,11697.819883449054
2023-06-18 16:00:00.000,11697.819883449054
2023-06-19 00:00:00.000,11697.819883449054
2023-06-19 08:00:00.000,11697.819883449054
2023-06-19 16:00:00.000,11697.819883449054
2023-06-20 00:00:00.001,11697.819883449054
2023-06-20 08:00:00.000,11697.819883449054
2023-06-20 16:00:00.000,11697.819883449054
2023-06-21 00:00:00.000,11697.819883449054
2023-06-21 08:00:00.000,11697.819883449054
2023-06-21 16:00:00.000,11697.819883449054
2023-06-22 00:00:00.000,12431.968843806651
2023-06-22 08:00:00.001,12431.968843806651
2023-06-22 16:00:00.000,12431.968843806651
2023-06-23 00:00:00.000,12431.968843806651
2023-06-23 08:00:00.000,12431.968843806651
2023-06-23 16:00:00.000,12431.968843806651
2023-06-24 00:00:00.000,12431.968843806651
2023-06-24 08:00:00.000,12431.968843806651
2023-06-24 16:00:00.000,12431.968843806651
2023-06-25 00:00:00.000,12431.968843806651
2023-06-25 08:00:00.000,12431.968843806651
2023-06-25 16:00:00.000,12431.968843806651
2023-06-26 00:00:00.000,12431.968843806651
2023-06-26 08:00:00.000,12431.968843806651
2023-06-26 16:00:00.000,12431.968843806651
2023-06-27 00:00:00.000,12431.968843806651
2023-06-27 08:00:00.000,12431.968843806651
2023-06-27 16:00:00.000,12431.968843806651
2023-06-28 00:00:00.000,12431.968843806651
2023-06-28 08:00:00.000,12431.968843806651
2023-06-28 16:00:00.000,12431.968843806651
2023-06-29 00:00:00.000,12431.968843806651
2023-06-29 08:00:00.000,12431.968843806651
2023-06-29 16:00:00.000,12431.968843806651
2023-06-30 00:00:00.000,12431.968843806651
2023-06-30 08:00:00.000,12431.968843806651
2023-06-30 16:00:00.001,12431.968843806651
2023-07-01 00:00:00.000,12431.968843806651
2023-07-01 08:00:00.000,12431.968843806651
2023-07-01 16:00:00.000,12431.968843806651
2023-07-02 00:00:00.000,12431.968843806651
2023-07-02 08:00:00.000,12431.968843806651
2023-07-02 16:00:00.001,12431.968843806651
2023-07-03 00:00:00.000,12431.968843806651
2023-07-03 08:00:00.000,12431.968843806651
2023-07-03 16:00:00.000,12431.968843806651
2023-07-04 00:00:00.001,12431.968843806651
2023-07-04 08:00:00.000,12431.968843806651
2023-07-04 16:00:00.000,12431.968843806651
2023-07-05 00:00:00.000,12431.968843806651
2023-07-05 08:00:00.000,12431.968843806651
2023-07-05 16:00:00.000,12431.968843806651
2023-07-06 00:00:00.000,12431.968843806651
2023-07-06 08:00:00.000,12431.968843806651
2023-07-06 16:00:00.000,12431.968843806651
2023-07-07 00:00:00.000,12431.968843806651
2023-07-07 08:00:00.000,12431.968843806651
2023-07-07 16:00:00.000,12431.968843806651
2023-07-08 00:00:00.000,12431.968843806651
2023-07-08 08:00:00.000,12431.968843806651
2023-07-08 16:00:00.000,12431.968843806651
2023-07-09 00:00:00.000,12431.968843806651
2023-07-09 08:00:00.000,12431.968843806651
2023-07-09 16:00:00.000,12431.968843806651
2023-07-10 00:00:00.000,12431.968843806651
2023-07-10 08:00:00.000,12431.968843806651
2023-07-10 16:00:00.000,12431.968843806651
2023-07-11 00:00:00.000,12431.968843806651
2023-07-11 08:00:00.000,12620.059163124575
2023-07-11 16:00:00.000,12620.059163124575
2023-07-12 00:00:00.000,12620.059163124575
2023-07-12 08:00:00.000,12620.059163124575
2023-07-12 16:00:00.000,12620.059163124575
2023-07-13 00:00:00.000,12620.059163124575
2023-07-13 08:00:00.000,12620.059163124575
2023-07-13 16:00:00.000,12620.059163124575
2023-07-14 00:00:00.000,12620.059163124575
2023-07-14 08:00:00.000,12620.059163124575
2023-07-14 16:00:00.000,12620.059163124575
2023-07-15 00:00:00.000,12620.059163124575
2023-07-15 08:00:00.000,12620.059163124575
2023-07-15 16:00:00.000,12620.059163124575
2023-07-16 00:00:00.001,12620.059163124575
2023-07-16 08:00:00.000,12627.544483247444
2023-07-16 16:00:00.000,12627.544483247444
2023-07-17 00:00:00.000,12627.544483247444
2023-07-17 08:00:00.000,12627.544483247444
2023-07-17 16:00:00.000,12627.544483247444
2023-07-18 00:00:00.000,12627.544483247444
2023-07-18 08:00:00.000,12627.544483247444
2023-07-18 16:00:00.000,12627.544483247444
2023-07-19 00:00:00.000,12627.544483247444
2023-07-19 08:00:00.000,12627.544483247444
2023-07-19 16:00:00.001,12627.544483247444
2023-07-20 00:00:00.000,12627.544483247444
2023-07-20 08:00:00.000,12627.544483247444
2023-07-20 16:00:00.000,12627.544483247444
2023-07-21 00:00:00.001,12627.544483247444
2023-07-21 08:00:00.000,12627.544483247444
2023-07-21 16:00:00.000,12627.544483247444
2023-07-22 00:00:00.000,12627.544483247444
2023-07-22 08:00:00.000,12627.544483247444
2023-07-22 16:00:00.000,12627.544483247444
2023-07-23 00:00:00.000,12627.544483247444
2023-07-23 08:00:00.000,12627.544483247444
2023-07-23 16:00:00.000,12627.544483247444
2023-07-24 00:00:00.000,12627.544483247444
2023-07-24 08:00:00.000,12627.544483247444
2023-07-24 16:00:00.000,12627.544483247444
2023-07-25 00:00:00.000,12627.544483247444
2023-07-25 08:00:00.000,12627.544483247444
2023-07-25 16:00:00.000,12627.544483247444
2023-07-26 00:00:00.000,12627.544483247444
2023-07-26 08:00:00.001,12627.544483247444
2023-07-26 16:00:00.000,12627.544483247444
2023-07-27 00:00:00.000,12627.544483247444
2023-07-27 08:00:00.000,12627.544483247444
2023-07-27 16:00:00.001,12627.544483247444
2023-07-28 00:00:00.000,12627.544483247444
2023-07-28 08:00:00.000,12627.544483247444
2023-07-28 16:00:00.000,12627.544483247444
2023-07-29 00:00:00.000,12627.544483247444
2023-07-29 08:00:00.000,12627.544483247444
2023-07-29 16:00:00.001,12627.544483247444
2023-07-30 00:00:00.000,12627.544483247444
2023-07-30 08:00:00.000,12627.544483247444
2023-07-30 16:00:00.000,12627.544483247444
2023-07-31 00:00:00.000,12627.544483247444
2023-07-31 08:00:00.000,12627.544483247444
2023-07-31 16:00:00.001,12627.544483247444
2023-08-01 00:00:00.000,12627.544483247444
2023-08-01 08:00:00.000,12627.544483247444
2023-08-01 16:00:00.000,12627.544483247444
2023-08-02 00:00:00.000,12627.544483247444
2023-08-02 08:00:00.000,12627.544483247444
2023-08-02 16:00:00.000,12627.544483247444
2023-08-03 00:00:00.000,12627.544483247444
2023-08-03 08:00:00.000,12627.544483247444
2023-08-03 16:00:00.001,12627.544483247444
2023-08-04 00:00:00.000,12627.544483247444
2023-08-04 08:00:00.000,12627.544483247444
2023-08-04 16:00:00.000,12627.544483247444
2023-08-05 00:00:00.000,12627.544483247444
2023-08-05 08:00:00.000,12627.544483247444
2023-08-05 16:00:00.001,12627.544483247444
2023-08-06 00:00:00.000,12627.544483247444
2023-08-06 08:00:00.001,12627.544483247444
2023-08-06 16:00:00.005,12627.544483247444
2023-08-07 00:00:00.000,12627.544483247444
2023-08-07 08:00:00.000,12627.544483247444
2023-08-07 16:00:00.000,12627.544483247444
2023-08-08 00:00:00.000,12627.544483247444
2023-08-08 08:00:00.000,12627.544483247444
2023-08-08 16:00:00.000,12627.544483247444
2023-08-09 00:00:00.000,12627.544483247444
2023-08-09 08:00:00.000,12627.544483247444
2023-08-09 16:00:00.000,12627.544483247444
2023-08-10 00:00:00.001,12627.544483247444
2023-08-10 08:00:00.000,12627.544483247444
2023-08-10 16:00:00.000,12627.544483247444
2023-08-11 00:00:00.000,12627.544483247444
2023-08-11 08:00:00.000,12627.544483247444
2023-08-11 16:00:00.000,12627.544483247444
2023-08-12 00:00:00.000,12627.544483247444
2023-08-12 08:00:00.000,12627.544483247444
2023-08-12 16:00:00.000,12627.544483247444
2023-08-13 00:00:00.000,12627.544483247444
2023-08-13 08:00:00.000,12627.544483247444
2023-08-13 16:00:00.000,12627.544483247444
2023-08-14 00:00:00.001,12627.544483247444
2023-08-14 08:00:00.000,12627.544483247444
2023-08-14 16:00:00.000,12627.544483247444
2023-08-15 00:00:00.001,12627.544483247444
2023-08-15 08:00:00.000,12627.544483247444
2023-08-15 16:00:00.000,12627.544483247444
2023-08-16 00:00:00.000,12627.544483247444
2023-08-16 08:00:00.001,12627.544483247444
2023-08-16 16:00:00.000,12627.544483247444
2023-08-17 00:00:00.000,12627.544483247444
2023-08-17 08:00:00.000,12627.544483247444
2023-08-17 16:00:00.000,12627.544483247444
2023-08-18 00:00:00.000,12627.544483247444
2023-08-18 08:00:00.000,12627.544483247444
2023-08-18 16:00:00.000,12627.544483247444
2023-08-19 00:00:00.000,12627.544483247444
2023-08-19 08:00:00.000,12627.544483247444
2023-08-19 16:00:00.000,12627.544483247444
2023-08-20 00:00:00.000,12627.544483247444
2023-08-20 08:00:00.000,12627.544483247444
2023-08-20 16:00:00.000,12627.544483247444
2023-08-21 00:00:00.000,12577.937116371097
2023-08-21 08:00:00.000,12577.937116371097
2023-08-21 16:00:00.000,12577.937116371097
2023-08-22 00:00:00.000,12577.937116371097
2023-08-22 08:00:00.000,12577.937116371097
2023-08-22 16:00:00.000,12577.937116371097
2023-08-23 00:00:00.000,12577.937116371097
2023-08-23 08:00:00.000,12577.937116371097
2023-08-23 16:00:00.000,12806.117285845143
2023-08-24 00:00:00.000,12806.117285845143
2023-08-24 08:00:00.000,12806.117285845143
2023-08-24 16:00:00.000,12806.117285845143
2023-08-25 00:00:00.000,12806.117285845143
2023-08-25 08:00:00.000,12530.324254591154
2023-08-25 16:00:00.000,12530.324254591154
2023-08-26 00:00:00.000,12530.324254591154
2023-08-26 08:00:00.000,12530.324254591154
2023-08-26 16:00:00.000,12530.324254591154
2023-08-27 00:00:00.000,12530.324254591154
2023-08-27 08:00:00.000,12530.324254591154
2023-08-27 16:00:00.000,12530.324254591154
2023-08-28 00:00:00.000,12530.324254591154
2023-08-28 08:00:00.001,12530.324254591154
2023-08-28 16:00:00.001,12530.324254591154
2023-08-29 00:00:00.000,12530.324254591154
2023-08-29 08:00:00.000,12530.324254591154
2023-08-29 16:00:00.000,12530.324254591154
2023-08-30 00:00:00.000,12530.324254591154
2023-08-30 08:00:00.000,12530.324254591154
2023-08-30 16:00:00.000,12530.324254591154
2023-08-31 00:00:00.000,12313.78108421613
2023-08-31 08:00:00.000,12313.78108421613
2023-08-31 16:00:00.000,12313.78108421613
2023-09-01 00:00:00.000,12313.78108421613
2023-09-01 08:00:00.000,12313.78108421613
2023-09-01 16:00:00.001,12313.78108421613
2023-09-02 00:00:00.000,12313.78108421613
2023-09-02 08:00:00.000,12313.78108421613
2023-09-02 16:00:00.000,12313.78108421613
2023-09-03 00:00:00.000,12313.78108421613
2023-09-03 08:00:00.000,12313.78108421613
2023-09-03 16:00:00.000,12313.78108421613
2023-09-04 00:00:00.000,12348.139637627588
2023-09-04 08:00:00.000,12348.139637627588
2023-09-04 16:00:00.000,12348.139637627588
2023-09-05 00:00:00.000,12348.139637627588
2023-09-05 08:00:00.000,12348.139637627588
2023-09-05 16:00:00.000,12348.139637627588
2023-09-06 00:00:00.000,12348.139637627588
2023-09-06 08:00:00.000,12348.139637627588
2023-09-06 16:00:00.001,12348.139637627588
2023-09-07 00:00:00.000,12348.139637627588
2023-09-07 08:00:00.000,12348.139637627588
2023-09-07 16:00:00.000,12656.561272165263
2023-09-08 00:00:00.000,12656.561272165263
2023-09-08 08:00:00.000,12656.561272165263
2023-09-08 16:00:00.000,12656.561272165263
2023-09-09 00:00:00.000,12656.561272165263
2023-09-09 08:00:00.000,12656.561272165263
2023-09-09 16:00:00.000,12656.561272165263
2023-09-10 00:00:00.000,12656.561272165263
2023-09-10 08:00:00.000,12591.607296800312
2023-09-10 16:00:00.000,12591.607296800312
2023-09-11 00:00:00.000,12591.607296800312
2023-09-11 08:00:00.000,12591.607296800312
2023-09-11 16:00:00.001,12591.607296800312
2023-09-12 00:00:00.000,12591.607296800312
2023-09-12 08:00:00.000,12591.607296800312
2023-09-12 16:00:00.000,12591.607296800312
2023-09-13 00:00:00.000,12591.607296800312
2023-09-13 08:00:00.000,12591.607296800312
2023-09-13 16:00:00.000,12591.607296800312
2023-09-14 00:00:00.000,12825.964442139608
2023-09-14 08:00:00.001,12825.964442139608
2023-09-14 16:00:00.000,12825.964442139608
2023-09-15 00:00:00.000,12825.964442139608
2023-09-15 08:00:00.000,12825.964442139608
2023-09-15 16:00:00.000,12825.964442139608
2023-09-16 00:00:00.000,12801.381879848936
2023-09-16 08:00:00.000,12801.381879848936
2023-09-16 16:00:00.000,12801.381879848936
2023-09-17 00:00:00.000,12801.381879848936
2023-09-17 08:00:00.000,12801.381879848936
2023-09-17 16:00:00.000,12798.534164768802
2023-09-18 00:00:00.000,12798.534164768802
2023-09-18 08:00:00.000,12798.534164768802
2023-09-18 16:00:00.000,12798.534164768802
2023-09-19 00:00:00.000,12798.534164768802
2023-09-19 08:00:00.001,12798.534164768802
2023-09-19 16:00:00.000,12798.534164768802
2023-09-20 00:00:00.000,12948.21781567222
2023-09-20 08:00:00.000,12948.21781567222
2023-09-20 16:00:00.000,12948.21781567222
2023-09-21 00:00:00.001,12948.21781567222
2023-09-21 08:00:00.000,12948.21781567222
2023-09-21 16:00:00.000,12641.64505946363
2023-09-22 00:00:00.000,12641.64505946363
2023-09-22 08:00:00.000,12641.64505946363
2023-09-22 16:00:00.000,12641.64505946363
2023-09-23 00:00:00.000,12641.64505946363
2023-09-23 08:00:00.000,12641.64505946363
2023-09-23 16:00:00.000,12641.64505946363
2023-09-24 00:00:00.000,12641.64505946363
2023-09-24 08:00:00.000,12641.64505946363
2023-09-24 16:00:00.000,12641.64505946363
2023-09-25 00:00:00.000,12641.64505946363
2023-09-25 08:00:00.000,12641.64505946363
2023-09-25 16:00:00.000,12641.64505946363
2023-09-26 00:00:00.000,12641.64505946363
2023-09-26 08:00:00.000,12641.64505946363
2023-09-26 16:00:00.000,12641.64505946363
2023-09-27 00:00:00.000,12641.64505946363
2023-09-27 08:00:00.001,12646.865985737757
2023-09-27 16:00:00.000,12646.865985737757
2023-09-28 00:00:00.000,12646.865985737757
2023-09-28 08:00:00.000,12646.865985737757
2023-09-28 16:00:00.000,12646.865985737757
2023-09-29 00:00:00.000,12646.865985737757
2023-09-29 08:00:00.000,12646.865985737757
2023-09-29 16:00:00.000,12646.865985737757
2023-09-30 00:00:00.000,12589.36560214914
2023-09-30 08:00:00.000,12589.36560214914
2023-09-30 16:00:00.000,12589.36560214914
2023-10-01 00:00:00.000,12589.36560214914
2023-10-01 08:00:00.000,12589.36560214914
2023-10-01 16:00:00.000,12589.36560214914
2023-10-02 00:00:00.000,12589.36560214914
2023-10-02 08:00:00.000,12589.36560214914
2023-10-02 16:00:00.000,12589.36560214914
2023-10-03 00:00:00.000,12372.827919898995
2023-10-03 08:00:00.000,12372.827919898995
2023-10-03 16:00:00.000,12372.827919898995
2023-10-04 00:00:00.000,12372.827919898995
2023-10-04 08:00:00.000,12372.827919898995
2023-10-04 16:00:00.000,12372.827919898995
2023-10-05 00:00:00.000,12372.827919898995
2023-10-05 08:00:00.000,12372.827919898995
2023-10-05 16:00:00.001,12372.827919898995
2023-10-06 00:00:00.000,12301.219983870773
2023-10-06 08:00:00.000,12301.219983870773
2023-10-06 16:00:00.000,12301.219983870773
2023-10-07 00:00:00.000,12301.219983870773
2023-10-07 08:00:00.000,12301.219983870773
2023-10-07 16:00:00.000,12301.219983870773
2023-10-08 00:00:00.000,12278.387312454783
2023-10-08 08:00:00.001,12278.387312454783
2023-10-08 16:00:00.000,12278.387312454783
2023-10-09 00:00:00.000,12278.387312454783
2023-10-09 08:00:00.000,12278.387312454783
2023-10-09 16:00:00.000,12278.387312454783
2023-10-10 00:00:00.000,12278.387312454783
2023-10-10 08:00:00.000,12278.387312454783
2023-10-10 16:00:00.000,12278.387312454783
2023-10-11 00:00:00.000,12278.387312454783
2023-10-11 08:00:00.000,12278.387312454783
2023-10-11 16:00:00.000,12278.387312454783
2023-10-12 00:00:00.000,12278.387312454783
2023-10-12 08:00:00.000,12278.387312454783
2023-10-12 16:00:00.000,12278.387312454783
2023-10-13 00:00:00.000,12278.387312454783
2023-10-13 08:00:00.000,12278.387312454783
2023-10-13 16:00:00.000,12278.387312454783
2023-10-14 00:00:00.000,12278.387312454783
2023-10-14 08:00:00.000,12278.387312454783
2023-10-14 16:00:00.000,12278.387312454783
2023-10-15 00:00:00.000,12278.387312454783
2023-10-15 08:00:00.000,12278.387312454783
2023-10-15 16:00:00.000,12278.387312454783
2023-10-16 00:00:00.000,12278.387312454783
2023-10-16 08:00:00.000,12278.387312454783
2023-10-16 16:00:00.000,12278.387312454783
2023-10-17 00:00:00.000,12278.387312454783
2023-10-17 08:00:00.000,12278.387312454783
2023-10-17 16:00:00.000,12278.387312454783
2023-10-18 00:00:00.000,12278.387312454783
2023-10-18 08:00:00.000,12278.387312454783
2023-10-18 16:00:00.000,12278.387312454783
2023-10-19 00:00:00.000,12237.123936419388
2023-10-19 08:00:00.001,12237.123936419388
2023-10-19 16:00:00.000,12237.123936419388
2023-10-20 00:00:00.000,12237.123936419388
2023-10-20 08:00:00.005,12237.123936419388
2023-10-20 16:00:00.000,12237.123936419388
2023-10-21 00:00:00.000,12644.489208323532
2023-10-21 08:00:00.000,12644.489208323532
2023-10-21 16:00:00.000,12644.489208323532
2023-10-22 00:00:00.000,12644.489208323532
2023-10-22 08:00:00.000,12644.489208323532
2023-10-22 16:00:00.000,12644.489208323532
2023-10-23 00:00:00.000,12644.489208323532
2023-10-23 08:00:00.001,12644.489208323532
2023-10-23 16:00:00.001,12644.489208323532
2023-10-24 00:00:00.000,12644.489208323532
2023-10-24 08:00:00.000,12644.489208323532
2023-10-24 16:00:00.000,12644.489208323532
2023-10-25 00:00:00.000,12644.489208323532
2023-10-25 08:00:00.000,12644.489208323532
2023-10-25 16:00:00.001,12644.489208323532
2023-10-26 00:00:00.001,12644.489208323532
2023-10-26 08:00:00.000,12644.489208323532
2023-10-26 16:00:00.000,12644.489208323532
2023-10-27 00:00:00.000,12644.489208323532
2023-10-27 08:00:00.000,12644.489208323532
2023-10-27 16:00:00.000,12644.489208323532
2023-10-28 00:00:00.000,12644.489208323532
2023-10-28 08:00:00.001,12644.489208323532
2023-10-28 16:00:00.000,12644.489208323532
2023-10-29 00:00:00.000,12644.489208323532
2023-10-29 08:00:00.000,12644.489208323532
2023-10-29 16:00:00.000,12644.489208323532
2023-10-30 00:00:00.000,12644.489208323532
2023-10-30 08:00:00.000,12644.489208323532
2023-10-30 16:00:00.000,12644.489208323532
2023-10-31 00:00:00.001,12644.489208323532
2023-10-31 08:00:00.000,12644.489208323532
2023-10-31 16:00:00.000,12644.489208323532
2023-11-01 00:00:00.000,12644.489208323532
2023-11-01 08:00:00.000,12644.489208323532
2023-11-01 16:00:00.000,12644.489208323532
2023-11-02 00:00:00.001,12644.489208323532
2023-11-02 08:00:00.000,12644.489208323532
2023-11-02 16:00:00.000,12644.489208323532
2023-11-03 00:00:00.000,12644.489208323532
2023-11-03 08:00:00.000,12644.489208323532
2023-11-03 16:00:00.000,12644.489208323532
2023-11-04 00:00:00.000,12644.489208323532
2023-11-04 08:00:00.000,12644.489208323532
2023-11-04 16:00:00.000,12644.489208323532
2023-11-05 00:00:00.000,12644.489208323532
2023-11-05 08:00:00.000,12644.489208323532
2023-11-05 16:00:00.000,12644.489208323532
2023-11-06 00:00:00.000,12644.489208323532
2023-11-06 08:00:00.001,12644.489208323532
2023-11-06 16:00:00.000,12644.489208323532
2023-11-07 00:00:00.001,12644.489208323532
2023-11-07 08:00:00.000,12644.489208323532
2023-11-07 16:00:00.000,12644.489208323532
2023-11-08 00:00:00.000,12644.489208323532
2023-11-08 08:00:00.000,12644.489208323532
2023-11-08 16:00:00.000,12644.489208323532
2023-11-09 00:00:00.000,12644.489208323532
2023-11-09 08:00:00.000,12644.489208323532
2023-11-09 16:00:00.000,12644.489208323532
2023-11-10 00:00:00.000,12644.489208323532
2023-11-10 08:00:00.000,12644.489208323532
2023-11-10 16:00:00.000,12644.489208323532
2023-11-11 00:00:00.000,12644.489208323532
2023-11-11 08:00:00.000,12644.489208323532
2023-11-11 16:00:00.000,12644.489208323532
2023-11-12 00:00:00.000,12644.489208323532
2023-11-12 08:00:00.000,12644.489208323532
2023-11-12 16:00:00.001,12644.489208323532
2023-11-13 00:00:00.000,12644.489208323532
2023-11-13 08:00:00.000,12644.489208323532
2023-11-13 16:00:00.000,12644.489208323532
2023-11-14 00:00:00.000,12644.489208323532
2023-11-14 08:00:00.000,12644.489208323532
2023-11-14 16:00:00.001,12644.489208323532
2023-11-15 00:00:00.000,12644.489208323532
2023-11-15 08:00:00.000,12644.489208323532
2023-11-15 16:00:00.000,12644.489208323532
2023-11-16 00:00:00.000,12644.489208323532
2023-11-16 08:00:00.000,12644.489208323532
2023-11-16 16:00:00.001,12644.489208323532
2023-11-17 00:00:00.000,12644.489208323532
2023-11-17 08:00:00.001,12644.489208323532
2023-11-17 16:00:00.001,12644.489208323532
2023-11-18 00:00:00.000,12644.489208323532
2023-11-18 08:00:00.000,12644.489208323532
2023-11-18 16:00:00.000,12644.489208323532
2023-11-19 00:00:00.000,12644.489208323532
2023-11-19 08:00:00.000,12644.489208323532
2023-11-19 16:00:00.000,12644.489208323532
2023-11-20 00:00:00.000,12644.489208323532
2023-11-20 08:00:00.000,12644.489208323532
2023-11-20 16:00:00.000,12644.489208323532
2023-11-21 00:00:00.000,12644.489208323532
2023-11-21 08:00:00.000,12644.489208323532
2023-11-21 16:00:00.000,12644.489208323532
2023-11-22 00:00:00.000,12644.489208323532
2023-11-22 08:00:00.000,12644.489208323532
2023-11-22 16:00:00.000,12644.489208323532
2023-11-23 00:00:00.000,12644.489208323532
2023-11-23 08:00:00.000,12644.489208323532
2023-11-23 16:00:00.001,12644.489208323532
2023-11-24 00:00:00.000,12644.489208323532
2023-11-24 08:00:00.000,12644.489208323532
2023-11-24 16:00:00.000,12644.489208323532
2023-11-25 00:00:00.000,12644.489208323532
2023-11-25 08:00:00.000,12644.489208323532
2023-11-25 16:00:00.000,12644.489208323532
2023-11-26 00:00:00.000,12644.489208323532
2023-11-26 08:00:00.000,12644.489208323532
2023-11-26 16:00:00.000,12644.489208323532
2023-11-27 00:00:00.000,12644.489208323532
2023-11-27 08:00:00.001,12644.489208323532
2023-11-27 16:00:00.000,12644.489208323532
2023-11-28 00:00:00.000,12644.489208323532
2023-11-28 08:00:00.000,12644.489208323532
2023-11-28 16:00:00.000,12644.489208323532
2023-11-29 00:00:00.001,12644.489208323532
2023-11-29 08:00:00.000,12644.489208323532
2023-11-29 16:00:00.000,12644.489208323532
2023-11-30 00:00:00.000,12644.489208323532
2023-11-30 08:00:00.000,12644.489208323532
2023-11-30 16:00:00.000,12644.489208323532
2023-12-01 00:00:00.000,12644.489208323532
2023-12-01 08:00:00.000,12644.489208323532
2023-12-01 16:00:00.000,12644.489208323532
2023-12-02 00:00:00.000,12644.489208323532
2023-12-02 08:00:00.000,12644.489208323532
2023-12-02 16:00:00.000,12644.489208323532
2023-12-03 00:00:00.000,12644.489208323532
2023-12-03 08:00:00.000,12644.489208323532
2023-12-03 16:00:00.000,12644.489208323532
2023-12-04 00:00:00.000,12644.489208323532
2023-12-04 08:00:00.000,12644.489208323532
2023-12-04 16:00:00.000,12644.489208323532
2023-12-05 00:00:00.000,12644.489208323532
2023-12-05 08:00:00.000,12644.489208323532
2023-12-05 16:00:00.000,12644.489208323532
2023-12-06 00:00:00.000,12644.489208323532
2023-12-06 08:00:00.000,12644.489208323532
2023-12-06 16:00:00.000,12644.489208323532
2023-12-07 00:00:00.000,12644.489208323532
2023-12-07 08:00:00.000,12644.489208323532
2023-12-07 16:00:00.000,12644.489208323532
2023-12-08 00:00:00.000,12644.489208323532
2023-12-08 08:00:00.000,12644.489208323532
2023-12-08 16:00:00.000,12644.489208323532
2023-12-09 00:00:00.000,12644.489208323532
2023-12-09 08:00:00.000,12644.489208323532
2023-12-09 16:00:00.000,12644.489208323532
2023-12-10 00:00:00.000,12644.489208323532
2023-12-10 08:00:00.000,12644.489208323532
2023-12-10 16:00:00.000,12644.489208323532
2023-12-11 00:00:00.000,12644.489208323532
2023-12-11 08:00:00.000,12644.489208323532
2023-12-11 16:00:00.000,12644.489208323532
2023-12-12 00:00:00.000,12644.489208323532
2023-12-12 08:00:00.000,12644.489208323532
2023-12-12 16:00:00.000,12644.489208323532
2023-12-13 00:00:00.000,12644.489208323532
2023-12-13 08:00:00.000,12644.489208323532
2023-12-13 16:00:00.001,12644.489208323532
2023-12-14 00:00:00.000,12644.489208323532
2023-12-14 08:00:00.000,12644.489208323532
2023-12-14 16:00:00.000,12644.489208323532
2023-12-15 00:00:00.000,12644.489208323532
2023-12-15 08:00:00.000,12644.489208323532
2023-12-15 16:00:00.000,12644.489208323532
2023-12-16 00:00:00.000,12644.489208323532
2023-12-16 08:00:00.000,12644.489208323532
2023-12-16 16:00:00.001,12644.489208323532
2023-12-17 00:00:00.000,12644.489208323532
2023-12-17 08:00:00.000,12644.489208323532
2023-12-17 16:00:00.000,12644.489208323532
2023-12-18 00:00:00.000,12644.489208323532
2023-12-18 08:00:00.001,12644.489208323532
2023-12-18 16:00:00.000,12644.489208323532
2023-12-19 00:00:00.000,12644.489208323532
2023-12-19 08:00:00.000,12644.489208323532
2023-12-19 16:00:00.000,12644.489208323532
2023-12-20 00:00:00.000,12644.489208323532
2023-12-20 08:00:00.000,12644.489208323532
2023-12-20 16:00:00.000,12644.489208323532
2023-12-21 00:00:00.000,12644.489208323532
2023-12-21 08:00:00.000,12644.489208323532
2023-12-21 16:00:00.000,12644.489208323532
2023-12-22 00:00:00.000,12644.489208323532
2023-12-22 08:00:00.000,12644.489208323532
2023-12-22 16:00:00.000,12644.489208323532
2023-12-23 00:00:00.000,12644.489208323532
2023-12-23 08:00:00.001,12644.489208323532
2023-12-23 16:00:00.000,12644.489208323532
2023-12-24 00:00:00.000,12644.489208323532
2023-12-24 08:00:00.000,12644.489208323532
2023-12-24 16:00:00.000,12644.489208323532
2023-12-25 00:00:00.000,12644.489208323532
2023-12-25 08:00:00.000,12644.489208323532
2023-12-25 16:00:00.000,12644.489208323532
2023-12-26 00:00:00.000,12644.489208323532
2023-12-26 08:00:00.000,12644.489208323532
2023-12-26 16:00:00.000,12644.489208323532
2023-12-27 00:00:00.000,12644.489208323532
2023-12-27 08:00:00.000,12644.489208323532
2023-12-27 16:00:00.000,12644.489208323532
2023-12-28 00:00:00.000,12644.489208323532
2023-12-28 08:00:00.000,12644.489208323532
2023-12-28 16:00:00.000,12644.489208323532
2023-12-29 00:00:00.001,12644.489208323532
2023-12-29 08:00:00.000,12644.489208323532
2023-12-29 16:00:00.000,12644.489208323532
2023-12-30 00:00:00.001,12644.489208323532
2023-12-30 08:00:00.000,12644.489208323532
2023-12-30 16:00:00.000,12644.489208323532
2023-12-31 00:00:00.000,12644.489208323532
2023-12-31 08:00:00.001,12644.489208323532
2023-12-31 16:00:00.000,12644.489208323532
2024-01-01 00:00:00.000,12644.489208323532
2024-01-01 08:00:00.000,12644.489208323532
2024-01-01 16:00:00.000,12644.489208323532
2024-01-02 00:00:00.000,12644.489208323532
2024-01-02 08:00:00.000,12644.489208323532
2024-01-02 16:00:00.000,12644.489208323532
2024-01-03 00:00:00.000,12644.489208323532
2024-01-03 08:00:00.000,12644.489208323532
2024-01-03 16:00:00.000,12644.489208323532
2024-01-04 00:00:00.000,12644.489208323532
2024-01-04 08:00:00.000,12644.489208323532
2024-01-04 16:00:00.000,12644.489208323532
2024-01-05 00:00:00.001,12644.489208323532
2024-01-05 08:00:00.000,12644.489208323532
2024-01-05 16:00:00.000,12644.489208323532
2024-01-06 00:00:00.000,12644.489208323532
2024-01-06 08:00:00.000,12644.489208323532
2024-01-06 16:00:00.000,12644.489208323532
2024-01-07 00:00:00.000,12644.489208323532
2024-01-07 08:00:00.001,12644.489208323532
2024-01-07 16:00:00.001,12644.489208323532
2024-01-08 00:00:00.000,12644.489208323532
2024-01-08 08:00:00.000,12644.489208323532
2024-01-08 16:00:00.000,12644.489208323532
2024-01-09 00:00:00.001,12644.489208323532
2024-01-09 08:00:00.000,12644.489208323532
2024-01-09 16:00:00.000,12644.489208323532
2024-01-10 00:00:00.000,12644.489208323532
2024-01-10 08:00:00.000,12644.489208323532
2024-01-10 16:00:00.000,12644.489208323532
2024-01-11 00:00:00.000,12644.489208323532
2024-01-11 08:00:00.000,12644.489208323532
2024-01-11 16:00:00.000,12644.489208323532
2024-01-12 00:00:00.001,12644.489208323532
2024-01-12 08:00:00.000,12644.489208323532
2024-01-12 16:00:00.000,12644.489208323532
2024-01-13 00:00:00.000,12644.489208323532
2024-01-13 08:00:00.000,12644.489208323532
2024-01-13 16:00:00.001,12644.489208323532
2024-01-14 00:00:00.000,12644.489208323532
2024-01-14 08:00:00.000,12644.489208323532
2024-01-14 16:00:00.001,12644.489208323532
2024-01-15 00:00:00.000,12644.489208323532
2024-01-15 08:00:00.000,12644.489208323532
2024-01-15 16:00:00.000,12644.489208323532
2024-01-16 00:00:00.000,12644.489208323532
2024-01-16 08:00:00.000,12644.489208323532
2024-01-16 16:00:00.001,12644.489208323532
2024-01-17 00:00:00.000,12644.489208323532
2024-01-17 08:00:00.000,12644.489208323532
2024-01-17 16:00:00.000,12644.489208323532
2024-01-18 00:00:00.001,12644.489208323532
2024-01-18 08:00:00.000,12644.489208323532
2024-01-18 16:00:00.000,12644.489208323532
2024-01-19 00:00:00.000,12644.489208323532
2024-01-19 08:00:00.000,12644.489208323532
2024-01-19 16:00:00.002,12644.489208323532
2024-01-20 00:00:00.000,12644.489208323532
2024-01-20 08:00:00.003,12644.489208323532
2024-01-20 16:00:00.000,12644.489208323532
2024-01-21 00:00:00.000,12644.489208323532
2024-01-21 08:00:00.000,12644.489208323532
2024-01-21 16:00:00.000,12644.489208323532
2024-01-22 00:00:00.000,12644.489208323532
2024-01-22 08:00:00.000,12644.489208323532
2024-01-22 16:00:00.000,12644.489208323532
2024-01-23 00:00:00.000,12644.489208323532
2024-01-23 08:00:00.000,12644.489208323532
2024-01-23 16:00:00.000,12644.489208323532
2024-01-24 00:00:00.000,12644.489208323532
2024-01-24 08:00:00.000,12644.489208323532
2024-01-24 16:00:00.000,12644.489208323532
2024-01-25 00:00:00.000,12644.489208323532
2024-01-25 08:00:00.001,12644.489208323532
2024-01-25 16:00:00.000,12644.489208323532
2024-01-26 00:00:00.001,12644.489208323532
2024-01-26 08:00:00.000,12644.489208323532
2024-01-26 16:00:00.000,12644.489208323532
2024-01-27 00:00:00.000,12644.489208323532
2024-01-27 08:00:00.000,12644.489208323532
2024-01-27 16:00:00.000,12644.489208323532
2024-01-28 00:00:00.000,12644.489208323532
2024-01-28 08:00:00.000,12644.489208323532
2024-01-28 16:00:00.000,12644.489208323532
2024-01-29 00:00:00.000,12644.489208323532
2024-01-29 08:00:00.001,12644.489208323532
2024-01-29 16:00:00.000,12644.489208323532
2024-01-30 00:00:00.000,12644.489208323532
2024-01-30 08:00:00.000,12644.489208323532
2024-01-30 16:00:00.001,12644.489208323532
2024-01-31 00:00:00.000,12644.489208323532
2024-01-31 08:00:00.000,12644.489208323532
2024-01-31 16:00:00.000,12644.489208323532
2024-02-01 00:00:00.000,12644.489208323532
2024-02-01 08:00:00.000,12644.489208323532
2024-02-01 16:00:00.002,12644.489208323532
2024-02-02 00:00:00.000,12644.489208323532
2024-02-02 08:00:00.000,12644.489208323532
2024-02-02 16:00:00.000,12644.489208323532
2024-02-03 00:00:00.000,12644.489208323532
2024-02-03 08:00:00.000,12644.489208323532
2024-02-03 16:00:00.001,12644.489208323532
2024-02-04 00:00:00.000,12644.489208323532
2024-02-04 08:00:00.004,12644.489208323532
2024-02-04 16:00:00.000,12644.489208323532
2024-02-05 00:00:00.000,12644.489208323532
2024-02-05 08:00:00.000,12644.489208323532
2024-02-05 16:00:00.000,12644.489208323532
2024-02-06 00:00:00.000,12644.489208323532
2024-02-06 08:00:00.001,12644.489208323532
2024-02-06 16:00:00.000,12644.489208323532
2024-02-07 00:00:00.000,12644.489208323532
2024-02-07 08:00:00.000,12644.489208323532
2024-02-07 16:00:00.000,12644.489208323532
2024-02-08 00:00:00.000,12644.489208323532
2024-02-08 08:00:00.000,12644.489208323532
2024-02-08 16:00:00.000,12644.489208323532
2024-02-09 00:00:00.000,12644.489208323532
2024-02-09 08:00:00.000,12644.489208323532
2024-02-09 16:00:00.001,12644.489208323532
2024-02-10 00:00:00.001,12644.489208323532
2024-02-10 08:00:00.000,12644.489208323532
2024-02-10 16:00:00.000,12644.489208323532
2024-02-11 00:00:00.000,12644.489208323532
2024-02-11 08:00:00.001,12644.489208323532
2024-02-11 16:00:00.000,12644.489208323532
2024-02-12 00:00:00.000,12644.489208323532
2024-02-12 08:00:00.000,12644.489208323532
2024-02-12 16:00:00.000,12644.489208323532
2024-02-13 00:00:00.000,12644.489208323532
2024-02-13 08:00:00.000,12644.489208323532
2024-02-13 16:00:00.000,12644.489208323532
2024-02-14 00:00:00.000,12644.489208323532
2024-02-14 08:00:00.000,12644.489208323532
2024-02-14 16:00:00.000,12644.489208323532
2024-02-15 00:00:00.000,12644.489208323532
2024-02-15 08:00:00.000,12644.489208323532
2024-02-15 16:00:00.000,12644.489208323532
2024-02-16 00:00:00.000,12644.489208323532
2024-02-16 08:00:00.000,12644.489208323532
2024-02-16 16:00:00.000,12644.489208323532
2024-02-17 00:00:00.000,12644.489208323532
2024-02-17 08:00:00.000,12644.489208323532
2024-02-17 16:00:00.000,12644.489208323532
2024-02-18 00:00:00.000,12644.489208323532
2024-02-18 08:00:00.000,12644.489208323532
2024-02-18 16:00:00.000,12644.489208323532
2024-02-19 00:00:00.000,12644.489208323532
2024-02-19 08:00:00.000,12644.489208323532
2024-02-19 16:00:00.000,12644.489208323532
2024-02-20 00:00:00.000,12644.489208323532
2024-02-20 08:00:00.000,12644.489208323532
2024-02-20 16:00:00.000,12644.489208323532
2024-02-21 00:00:00.000,12644.489208323532
2024-02-21 08:00:00.000,12644.489208323532
2024-02-21 16:00:00.000,12644.489208323532
2024-02-22 00:00:00.001,12644.489208323532
2024-02-22 08:00:00.001,12644.489208323532
2024-02-22 16:00:00.000,12644.489208323532
2024-02-23 00:00:00.000,12644.489208323532
2024-02-23 08:00:00.000,12644.489208323532
2024-02-23 16:00:00.000,12644.489208323532
2024-02-24 00:00:00.000,12644.489208323532
2024-02-24 08:00:00.001,12644.489208323532
2024-02-24 16:00:00.000,12644.489208323532
2024-02-25 00:00:00.001,12644.489208323532
2024-02-25 08:00:00.000,12644.489208323532
2024-02-25 16:00:00.000,12644.489208323532
2024-02-26 00:00:00.000,12644.489208323532
2024-02-26 08:00:00.000,12644.489208323532
2024-02-26 16:00:00.000,12644.489208323532
2024-02-27 00:00:00.000,12644.489208323532
2024-02-27 08:00:00.000,12644.489208323532
2024-02-27 16:00:00.000,12644.489208323532
2024-02-28 00:00:00.000,12644.489208323532
2024-02-28 08:00:00.000,12644.489208323532
2024-02-28 16:00:00.000,12644.489208323532
2024-02-29 00:00:00.000,12644.489208323532
2024-02-29 08:00:00.000,12644.489208323532
2024-02-29 16:00:00.000,12644.489208323532
2024-03-01 00:00:00.000,12644.489208323532
2024-03-01 08:00:00.000,12644.489208323532
2024-03-01 16:00:00.000,12644.489208323532
2024-03-02 00:00:00.000,12644.489208323532
2024-03-02 08:00:00.001,12644.489208323532
2024-03-02 16:00:00.000,12644.489208323532
2024-03-03 00:00:00.000,12644.489208323532
2024-03-03 08:00:00.000,12644.489208323532
2024-03-03 16:00:00.000,12644.489208323532
2024-03-04 00:00:00.000,12644.489208323532
2024-03-04 08:00:00.000,12644.489208323532
2024-03-04 16:00:00.000,12644.489208323532
2024-03-05 00:00:00.000,12644.489208323532
2024-03-05 08:00:00.000,12644.489208323532
2024-03-05 16:00:00.000,12644.489208323532
2024-03-06 00:00:00.000,12644.489208323532
2024-03-06 08:00:00.001,12644.489208323532
2024-03-06 16:00:00.000,12644.489208323532
2024-03-07 00:00:00.000,12644.489208323532
2024-03-07 08:00:00.000,12644.489208323532
2024-03-07 16:00:00.000,12644.489208323532
2024-03-08 00:00:00.000,12644.489208323532
2024-03-08 08:00:00.000,12644.489208323532
2024-03-08 16:00:00.000,12644.489208323532
2024-03-09 00:00:00.000,12644.489208323532
2024-03-09 08:00:00.001,12644.489208323532
2024-03-09 16:00:00.000,12644.489208323532
2024-03-10 00:00:00.000,12644.489208323532
2024-03-10 08:00:00.000,12644.489208323532
2024-03-10 16:00:00.000,12644.489208323532
2024-03-11 00:00:00.000,12644.489208323532
2024-03-11 08:00:00.000,12644.489208323532
2024-03-11 16:00:00.000,12644.489208323532
2024-03-12 00:00:00.000,12644.489208323532
2024-03-12 08:00:00.000,12644.489208323532
2024-03-12 16:00:00.000,12644.489208323532
2024-03-13 00:00:00.000,12644.489208323532
2024-03-13 08:00:00.001,12644.489208323532
2024-03-13 16:00:00.000,12644.489208323532
2024-03-14 00:00:00.001,12644.489208323532
2024-03-14 08:00:00.000,12644.489208323532
2024-03-14 16:00:00.000,12644.489208323532
2024-03-15 00:00:00.000,12644.489208323532
2024-03-15 08:00:00.000,12644.489208323532
2024-03-15 16:00:00.000,12644.489208323532
2024-03-16 00:00:00.000,12644.489208323532
2024-03-16 08:00:00.000,12644.489208323532
2024-03-16 16:00:00.000,12644.489208323532
2024-03-17 00:00:00.000,12644.489208323532
2024-03-17 08:00:00.000,12644.489208323532
2024-03-17 16:00:00.000,12644.489208323532
2024-03-18 00:00:00.000,12644.489208323532
2024-03-18 08:00:00.000,12644.489208323532
2024-03-18 16:00:00.001,12644.489208323532
2024-03-19 00:00:00.000,12644.489208323532
2024-03-19 08:00:00.000,12644.489208323532
2024-03-19 16:00:00.001,12644.489208323532
2024-03-20 00:00:00.000,12644.489208323532
2024-03-20 08:00:00.004,12644.489208323532
2024-03-20 16:00:00.000,12644.489208323532
2024-03-21 00:00:00.000,12644.489208323532
2024-03-21 08:00:00.000,12644.489208323532
2024-03-21 16:00:00.000,12644.489208323532
2024-03-22 00:00:00.000,12644.489208323532
2024-03-22 08:00:00.000,12644.489208323532
2024-03-22 16:00:00.000,12644.489208323532
2024-03-23 00:00:00.000,12644.489208323532
2024-03-23 08:00:00.000,12644.489208323532
2024-03-23 16:00:00.000,12644.489208323532
2024-03-24 00:00:00.000,12644.489208323532
2024-03-24 08:00:00.000,12644.489208323532
2024-03-24 16:00:00.000,12644.489208323532
2024-03-25 00:00:00.000,12644.489208323532
2024-03-25 08:00:00.001,12644.489208323532
2024-03-25 16:00:00.000,12644.489208323532
2024-03-26 00:00:00.000,12644.489208323532
2024-03-26 08:00:00.000,12644.489208323532
2024-03-26 16:00:00.000,12644.489208323532
2024-03-27 00:00:00.000,12644.489208323532
2024-03-27 08:00:00.001,12644.489208323532
2024-03-27 16:00:00.000,12644.489208323532
2024-03-28 00:00:00.000,12644.489208323532
2024-03-28 08:00:00.000,12644.489208323532
2024-03-28 16:00:00.000,12644.489208323532
2024-03-29 00:00:00.000,12644.489208323532
2024-03-29 08:00:00.000,12644.489208323532
2024-03-29 16:00:00.000,12644.489208323532
2024-03-30 00:00:00.000,12644.489208323532
2024-03-30 08:00:00.000,12644.489208323532
2024-03-30 16:00:00.000,12644.489208323532
2024-03-31 00:00:00.000,12644.489208323532
2024-03-31 08:00:00.000,12644.489208323532
2024-03-31 16:00:00.001,12644.489208323532
2024-04-01 00:00:00.000,12644.489208323532
2024-04-01 08:00:00.000,12644.489208323532
2024-04-01 16:00:00.000,12644.489208323532
2024-04-02 00:00:00.007,12644.489208323532
2024-04-02 08:00:00.015,12644.489208323532
2024-04-02 16:00:00.000,12644.489208323532
2024-04-03 00:00:00.000,12644.489208323532
2024-04-03 08:00:00.000,12644.489208323532
2024-04-03 16:00:00.000,12644.489208323532
2024-04-04 00:00:00.000,12644.489208323532
2024-04-04 08:00:00.000,12644.489208323532
2024-04-04 16:00:00.000,12644.489208323532
2024-04-05 00:00:00.000,12644.489208323532
2024-04-05 08:00:00.000,12644.489208323532
2024-04-05 16:00:00.000,12644.489208323532
2024-04-06 00:00:00.000,12644.489208323532
2024-04-06 08:00:00.000,12644.489208323532
2024-04-06 16:00:00.000,12644.489208323532
2024-04-07 00:00:00.000,12644.489208323532
2024-04-07 08:00:00.000,12644.489208323532
2024-04-07 16:00:00.000,12644.489208323532
2024-04-08 00:00:00.001,12644.489208323532
2024-04-08 08:00:00.000,12644.489208323532
2024-04-08 16:00:00.006,12644.489208323532
2024-04-09 00:00:00.000,12644.489208323532
2024-04-09 08:00:00.001,12644.489208323532
2024-04-09 16:00:00.001,12644.489208323532
2024-04-10 00:00:00.000,12644.489208323532
2024-04-10 08:00:00.001,12644.489208323532
2024-04-10 16:00:00.000,12644.489208323532
2024-04-11 00:00:00.000,12644.489208323532
2024-04-11 08:00:00.000,12644.489208323532
2024-04-11 16:00:00.000,12644.489208323532
2024-04-12 00:00:00.000,12644.489208323532
2024-04-12 08:00:00.001,12644.489208323532
2024-04-12 16:00:00.000,12644.489208323532
2024-04-13 00:00:00.000,12644.489208323532
2024-04-13 08:00:00.000,12644.489208323532
2024-04-13 16:00:00.001,12644.489208323532
2024-04-14 00:00:00.000,12644.489208323532
2024-04-14 08:00:00.000,12644.489208323532
2024-04-14 16:00:00.000,12644.489208323532
2024-04-15 00:00:00.000,12644.489208323532
2024-04-15 08:00:00.001,12644.489208323532
2024-04-15 16:00:00.000,12644.489208323532
2024-04-16 00:00:00.001,12644.489208323532
2024-04-16 08:00:00.000,12644.489208323532
2024-04-16 16:00:00.000,12644.489208323532
2024-04-17 00:00:00.000,12644.489208323532
2024-04-17 08:00:00.000,12644.489208323532
2024-04-17 16:00:00.000,12644.489208323532
2024-04-18 00:00:00.000,12644.489208323532
2024-04-18 08:00:00.000,12644.489208323532
2024-04-18 16:00:00.000,12644.489208323532
2024-04-19 00:00:00.001,12644.489208323532
2024-04-19 08:00:00.000,12644.489208323532
2024-04-19 16:00:00.000,12644.489208323532
2024-04-20 00:00:00.000,12730.078917724757
2024-04-20 08:00:00.000,12730.078917724757
2024-04-20 16:00:00.000,12730.078917724757
2024-04-21 00:00:00.000,12730.078917724757
2024-04-21 08:00:00.000,12730.078917724757
2024-04-21 16:00:00.000,12730.078917724757
2024-04-22 00:00:00.000,12730.078917724757
2024-04-22 08:00:00.000,12730.078917724757
2024-04-22 16:00:00.000,13062.56819836677
2024-04-23 00:00:00.000,13062.56819836677
2024-04-23 08:00:00.000,13062.56819836677
2024-04-23 16:00:00.001,13062.56819836677
2024-04-24 00:00:00.000,13062.56819836677
2024-04-24 08:00:00.000,13062.56819836677
2024-04-24 16:00:00.000,13062.56819836677
2024-04-25 00:00:00.000,13062.56819836677
2024-04-25 08:00:00.000,13062.56819836677
2024-04-25 16:00:00.010,13062.56819836677
2024-04-26 00:00:00.001,13062.56819836677
2024-04-26 08:00:00.000,13062.56819836677
2024-04-26 16:00:00.000,13062.56819836677
2024-04-27 00:00:00.000,13062.56819836677
2024-04-27 08:00:00.001,13062.56819836677
2024-04-27 16:00:00.000,13062.56819836677
2024-04-28 00:00:00.000,13062.56819836677
2024-04-28 08:00:00.000,13062.56819836677
2024-04-28 16:00:00.000,13062.56819836677
2024-04-29 00:00:00.000,13062.56819836677
2024-04-29 08:00:00.000,13062.56819836677
2024-04-29 16:00:00.000,13118.182917798165
2024-04-30 00:00:00.000,13118.182917798165
2024-04-30 08:00:00.000,13118.182917798165
2024-04-30 16:00:00.000,13118.182917798165
2024-05-01 00:00:00.000,13118.182917798165
2024-05-01 08:00:00.000,13118.182917798165
2024-05-01 16:00:00.000,13118.182917798165
2024-05-02 00:00:00.000,13118.182917798165
2024-05-02 08:00:00.000,13118.182917798165
2024-05-02 16:00:00.002,13118.182917798165
2024-05-03 00:00:00.000,13118.182917798165
2024-05-03 08:00:00.000,13118.182917798165
2024-05-03 16:00:00.000,13118.182917798165
2024-05-04 00:00:00.000,13118.182917798165
2024-05-04 08:00:00.000,13118.182917798165
2024-05-04 16:00:00.000,13573.524160346722
2024-05-05 00:00:00.000,13573.524160346722
2024-05-05 08:00:00.000,13573.524160346722
2024-05-05 16:00:00.000,13573.524160346722
2024-05-06 00:00:00.000,13573.524160346722
2024-05-06 08:00:00.000,13573.524160346722
2024-05-06 16:00:00.000,13573.524160346722
2024-05-07 00:00:00.000,13573.524160346722
2024-05-07 08:00:00.000,13573.524160346722
2024-05-07 16:00:00.000,13573.524160346722
2024-05-08 00:00:00.000,13573.524160346722
2024-05-08 08:00:00.000,13573.524160346722
2024-05-08 16:00:00.000,13573.524160346722
2024-05-09 00:00:00.000,13573.524160346722
2024-05-09 08:00:00.000,13573.524160346722
2024-05-09 16:00:00.000,13573.524160346722
2024-05-10 00:00:00.000,13573.524160346722
2024-05-10 08:00:00.000,13573.524160346722
2024-05-10 16:00:00.000,13573.524160346722
2024-05-11 00:00:00.000,13573.524160346722
2024-05-11 08:00:00.000,13573.524160346722
2024-05-11 16:00:00.000,13573.524160346722
2024-05-12 00:00:00.000,13573.524160346722
2024-05-12 08:00:00.000,13573.524160346722
2024-05-12 16:00:00.000,13573.524160346722
2024-05-13 00:00:00.001,13573.524160346722
2024-05-13 08:00:00.001,13573.524160346722
2024-05-13 16:00:00.000,13573.524160346722
2024-05-14 00:00:00.000,13573.524160346722
2024-05-14 08:00:00.000,13573.524160346722
2024-05-14 16:00:00.000,13573.524160346722
2024-05-15 00:00:00.000,13573.524160346722
2024-05-15 08:00:00.000,13573.524160346722
2024-05-15 16:00:00.000,13573.524160346722
2024-05-16 00:00:00.004,13573.524160346722
2024-05-16 08:00:00.000,13573.524160346722
2024-05-16 16:00:00.000,13573.524160346722
2024-05-17 00:00:00.000,13573.524160346722
2024-05-17 08:00:00.000,13573.524160346722
2024-05-17 16:00:00.000,13573.524160346722
2024-05-18 00:00:00.000,13573.524160346722
2024-05-18 08:00:00.000,13573.524160346722
2024-05-18 16:00:00.000,13573.524160346722
2024-05-19 00:00:00.000,13573.524160346722
2024-05-19 08:00:00.000,13573.524160346722
2024-05-19 16:00:00.000,13573.524160346722
2024-05-20 00:00:00.000,13573.524160346722
2024-05-20 08:00:00.000,13573.524160346722
2024-05-20 16:00:00.003,13573.524160346722
2024-05-21 00:00:00.000,13573.524160346722
2024-05-21 08:00:00.001,13573.524160346722
2024-05-21 16:00:00.000,13573.524160346722
2024-05-22 00:00:00.000,13573.524160346722
2024-05-22 08:00:00.000,13573.524160346722
2024-05-22 16:00:00.000,13573.524160346722
2024-05-23 00:00:00.000,13573.524160346722
2024-05-23 08:00:00.000,13573.524160346722
2024-05-23 16:00:00.000,13573.524160346722
2024-05-24 00:00:00.000,13573.524160346722
2024-05-24 08:00:00.000,13573.524160346722
2024-05-24 16:00:00.000,13573.524160346722
2024-05-25 00:00:00.000,13573.524160346722
2024-05-25 08:00:00.000,13573.524160346722
2024-05-25 16:00:00.000,13573.524160346722
2024-05-26 00:00:00.000,13573.524160346722
2024-05-26 08:00:00.000,13573.524160346722
2024-05-26 16:00:00.000,13573.524160346722
2024-05-27 00:00:00.000,13573.524160346722
2024-05-27 08:00:00.000,13573.524160346722
2024-05-27 16:00:00.000,13573.524160346722
2024-05-28 00:00:00.000,13573.524160346722
2024-05-28 08:00:00.000,13573.524160346722
2024-05-28 16:00:00.000,13573.524160346722
2024-05-29 00:00:00.001,13573.524160346722
2024-05-29 08:00:00.000,13573.524160346722
2024-05-29 16:00:00.000,13573.524160346722
2024-05-30 00:00:00.000,13573.524160346722
2024-05-30 08:00:00.000,13573.524160346722
2024-05-30 16:00:00.000,13573.524160346722
2024-05-31 00:00:00.000,13573.524160346722
2024-05-31 08:00:00.000,13573.524160346722
2024-05-31 16:00:00.000,13573.524160346722
2024-06-01 00:00:00.000,13573.524160346722
2024-06-01 08:00:00.000,13573.524160346722
2024-06-01 16:00:00.001,13573.524160346722
2024-06-02 00:00:00.000,13573.524160346722
2024-06-02 08:00:00.000,13573.524160346722
2024-06-02 16:00:00.000,13573.524160346722
2024-06-03 00:00:00.000,13573.524160346722
2024-06-03 08:00:00.000,13573.524160346722
2024-06-03 16:00:00.000,13573.524160346722
2024-06-04 00:00:00.000,13573.524160346722
2024-06-04 08:00:00.000,13573.524160346722
2024-06-04 16:00:00.000,13573.524160346722
2024-06-05 00:00:00.000,13573.524160346722
2024-06-05 08:00:00.000,13573.524160346722
2024-06-05 16:00:00.000,13573.524160346722
2024-06-06 00:00:00.000,13573.524160346722
2024-06-06 08:00:00.008,13573.524160346722
2024-06-06 16:00:00.000,13573.524160346722
2024-06-07 00:00:00.000,13573.524160346722
2024-06-07 08:00:00.000,13573.524160346722
2024-06-07 16:00:00.000,13573.524160346722
2024-06-08 00:00:00.000,13573.524160346722
2024-06-08 08:00:00.000,13573.524160346722
2024-06-08 16:00:00.000,13573.524160346722
2024-06-09 00:00:00.000,13573.524160346722
2024-06-09 08:00:00.000,13573.524160346722
2024-06-09 16:00:00.001,13573.524160346722
2024-06-10 00:00:00.000,13573.524160346722
2024-06-10 08:00:00.000,13573.524160346722
2024-06-10 16:00:00.001,13573.524160346722
2024-06-11 00:00:00.001,13573.524160346722
2024-06-11 08:00:00.000,13573.524160346722
2024-06-11 16:00:00.000,13573.524160346722
2024-06-12 00:00:00.000,13573.524160346722
2024-06-12 08:00:00.000,13573.524160346722
2024-06-12 16:00:00.000,13573.524160346722
2024-06-13 00:00:00.000,13573.524160346722
2024-06-13 08:00:00.001,13573.524160346722
2024-06-13 16:00:00.000,13573.524160346722
2024-06-14 00:00:00.000,13573.524160346722
2024-06-14 08:00:00.000,13573.524160346722
2024-06-14 16:00:00.000,13573.524160346722
2024-06-15 00:00:00.000,13573.524160346722
2024-06-15 08:00:00.000,13573.524160346722
2024-06-15 16:00:00.000,13573.524160346722
2024-06-16 00:00:00.001,13573.524160346722
2024-06-16 08:00:00.000,13573.524160346722
2024-06-16 16:00:00.000,13573.524160346722
2024-06-17 00:00:00.000,13573.524160346722
2024-06-17 08:00:00.000,13573.524160346722
2024-06-17 16:00:00.000,13573.524160346722
2024-06-18 00:00:00.000,13573.524160346722
2024-06-18 08:00:00.000,13573.524160346722
2024-06-18 16:00:00.000,13573.524160346722
2024-06-19 00:00:00.001,13573.524160346722
2024-06-19 08:00:00.001,13573.524160346722
2024-06-19 16:00:00.000,13573.524160346722
2024-06-20 00:00:00.000,13573.524160346722
2024-06-20 08:00:00.000,13573.524160346722
2024-06-20 16:00:00.000,13573.524160346722
2024-06-21 00:00:00.000,13573.524160346722
2024-06-21 08:00:00.000,13573.524160346722
2024-06-21 16:00:00.000,13573.524160346722
2024-06-22 00:00:00.000,13573.524160346722
2024-06-22 08:00:00.000,13573.524160346722
2024-06-22 16:00:00.000,13573.524160346722
2024-06-23 00:00:00.000,13573.524160346722
2024-06-23 08:00:00.000,13573.524160346722
2024-06-23 16:00:00.000,13573.524160346722
2024-06-24 00:00:00.002,13573.524160346722
2024-06-24 08:00:00.000,13573.524160346722
2024-06-24 16:00:00.000,13573.524160346722
2024-06-25 00:00:00.000,13573.524160346722
2024-06-25 08:00:00.000,13573.524160346722
2024-06-25 16:00:00.000,13573.524160346722
2024-06-26 00:00:00.002,13573.524160346722
2024-06-26 08:00:00.000,13573.524160346722
2024-06-26 16:00:00.000,13573.524160346722
2024-06-27 00:00:00.000,13573.524160346722
2024-06-27 08:00:00.001,13573.524160346722
2024-06-27 16:00:00.000,13573.524160346722
2024-06-28 00:00:00.000,13573.524160346722
2024-06-28 08:00:00.000,13573.524160346722
2024-06-28 16:00:00.000,13573.524160346722
2024-06-29 00:00:00.001,13573.524160346722
2024-06-29 08:00:00.000,13573.524160346722
2024-06-29 16:00:00.000,13573.524160346722
2024-06-30 00:00:00.000,13573.524160346722
2024-06-30 08:00:00.000,13573.524160346722
2024-06-30 16:00:00.000,13573.524160346722
2024-07-01 00:00:00.000,13573.524160346722
2024-07-01 08:00:00.000,13573.524160346722
2024-07-01 16:00:00.001,13573.524160346722
2024-07-02 00:00:00.000,13573.524160346722
2024-07-02 08:00:00.000,13573.524160346722
2024-07-02 16:00:00.000,13573.524160346722
2024-07-03 00:00:00.000,13573.524160346722
2024-07-03 08:00:00.001,13573.524160346722
2024-07-03 16:00:00.000,13573.524160346722
2024-07-04 00:00:00.000,13573.524160346722
2024-07-04 08:00:00.000,13573.524160346722
2024-07-04 16:00:00.000,13573.524160346722
2024-07-05 00:00:00.000,13573.524160346722
2024-07-05 08:00:00.000,13573.524160346722
2024-07-05 16:00:00.000,13573.524160346722
2024-07-06 00:00:00.000,13573.524160346722
2024-07-06 08:00:00.000,13573.524160346722
2024-07-06 16:00:00.000,13573.524160346722
2024-07-07 00:00:00.001,13573.524160346722
2024-07-07 08:00:00.000,13573.524160346722
2024-07-07 16:00:00.000,13573.524160346722
2024-07-08 00:00:00.000,13573.524160346722
2024-07-08 08:00:00.000,13573.524160346722
2024-07-08 16:00:00.000,13573.524160346722
2024-07-09 00:00:00.000,13573.524160346722
2024-07-09 08:00:00.001,13573.524160346722
2024-07-09 16:00:00.000,13573.524160346722
2024-07-10 00:00:00.000,13573.524160346722
2024-07-10 08:00:00.000,13573.524160346722
2024-07-10 16:00:00.000,13573.524160346722
2024-07-11 00:00:00.002,13573.524160346722
2024-07-11 08:00:00.002,13573.524160346722
2024-07-11 16:00:00.004,13573.524160346722
2024-07-12 00:00:00.000,13573.524160346722
2024-07-12 08:00:00.000,13573.524160346722
2024-07-12 16:00:00.000,13573.524160346722
2024-07-13 00:00:00.000,13573.524160346722
2024-07-13 08:00:00.000,13573.524160346722
2024-07-13 16:00:00.000,13573.524160346722
2024-07-14 00:00:00.000,13573.524160346722
2024-07-14 08:00:00.000,13573.524160346722
2024-07-14 16:00:00.000,13573.524160346722
2024-07-15 00:00:00.000,13573.524160346722
2024-07-15 08:00:00.000,13573.524160346722
2024-07-15 16:00:00.000,13573.524160346722
2024-07-16 00:00:00.000,13573.524160346722
2024-07-16 08:00:00.000,13573.524160346722
2024-07-16 16:00:00.000,13573.524160346722
2024-07-17 00:00:00.000,13573.524160346722
2024-07-17 08:00:00.001,13951.516603236762
2024-07-17 16:00:00.000,13951.516603236762
2024-07-18 00:00:00.000,13951.516603236762
2024-07-18 08:00:00.000,13951.516603236762
2024-07-18 16:00:00.000,13951.516603236762
2024-07-19 00:00:00.000,13951.516603236762
2024-07-19 08:00:00.000,13951.516603236762
2024-07-19 16:00:00.000,13951.516603236762
2024-07-20 00:00:00.001,13951.516603236762
2024-07-20 08:00:00.000,13951.516603236762
2024-07-20 16:00:00.000,13951.516603236762
2024-07-21 00:00:00.000,13951.516603236762
2024-07-21 08:00:00.000,14064.337191942945
2024-07-21 16:00:00.000,14064.337191942945
2024-07-22 00:00:00.000,14064.337191942945
2024-07-22 08:00:00.000,14064.337191942945
2024-07-22 16:00:00.000,14064.337191942945
2024-07-23 00:00:00.000,14064.337191942945
2024-07-23 08:00:00.000,14064.337191942945
2024-07-23 16:00:00.000,14064.337191942945
2024-07-24 00:00:00.000,14064.337191942945
2024-07-24 08:00:00.000,14064.337191942945
2024-07-24 16:00:00.000,14064.337191942945
2024-07-25 00:00:00.000,14064.337191942945
2024-07-25 08:00:00.000,14064.337191942945
2024-07-25 16:00:00.000,14064.337191942945
2024-07-26 00:00:00.000,14064.337191942945
2024-07-26 08:00:00.000,14064.337191942945
2024-07-26 16:00:00.000,14064.337191942945
2024-07-27 00:00:00.000,14064.337191942945
2024-07-27 08:00:00.000,14064.337191942945
2024-07-27 16:00:00.000,14064.337191942945
2024-07-28 00:00:00.000,14064.337191942945
2024-07-28 08:00:00.000,14064.337191942945
2024-07-28 16:00:00.001,14064.337191942945
2024-07-29 00:00:00.001,14064.337191942945
2024-07-29 08:00:00.000,14064.337191942945
2024-07-29 16:00:00.001,14064.337191942945
2024-07-30 00:00:00.000,14064.337191942945
2024-07-30 08:00:00.001,14064.337191942945
2024-07-30 16:00:00.000,14064.337191942945
2024-07-31 00:00:00.000,14064.337191942945
2024-07-31 08:00:00.000,14064.337191942945
2024-07-31 16:00:00.000,14064.337191942945
2024-08-01 00:00:00.000,14064.337191942945
2024-08-01 08:00:00.000,14064.337191942945
2024-08-01 16:00:00.000,14064.337191942945
2024-08-02 00:00:00.000,14064.337191942945
2024-08-02 08:00:00.001,14064.337191942945
2024-08-02 16:00:00.000,14064.337191942945
2024-08-03 00:00:00.000,14064.337191942945
2024-08-03 08:00:00.000,14064.337191942945
2024-08-03 16:00:00.001,14064.337191942945
2024-08-04 00:00:00.000,14064.337191942945
2024-08-04 08:00:00.000,14064.337191942945
2024-08-04 16:00:00.000,14064.337191942945
2024-08-05 00:00:00.000,14064.337191942945
2024-08-05 08:00:00.000,14064.337191942945
2024-08-05 16:00:00.000,14064.337191942945
2024-08-06 00:00:00.000,14064.337191942945
2024-08-06 08:00:00.000,14064.337191942945
2024-08-06 16:00:00.000,14064.337191942945
2024-08-07 00:00:00.000,14064.337191942945
2024-08-07 08:00:00.001,14064.337191942945
2024-08-07 16:00:00.000,13734.130905914548
2024-08-08 00:00:00.001,13734.130905914548
2024-08-08 08:00:00.000,13734.130905914548
2024-08-08 16:00:00.000,13734.130905914548
2024-08-09 00:00:00.000,13734.130905914548
2024-08-09 08:00:00.000,13734.130905914548
2024-08-09 16:00:00.000,13734.130905914548
2024-08-10 00:00:00.000,13734.130905914548
2024-08-10 08:00:00.000,13734.130905914548
2024-08-10 16:00:00.000,13734.130905914548
2024-08-11 00:00:00.000,13734.130905914548
2024-08-11 08:00:00.000,13560.130315587145
2024-08-11 16:00:00.001,13560.130315587145
2024-08-12 00:00:00.000,13560.130315587145
2024-08-12 08:00:00.000,13560.130315587145
2024-08-12 16:00:00.000,13560.130315587145
2024-08-13 00:00:00.000,13560.130315587145
2024-08-13 08:00:00.000,13560.130315587145
2024-08-13 16:00:00.000,13560.130315587145
2024-08-14 00:00:00.000,13903.952879682402
2024-08-14 08:00:00.000,13903.952879682402
2024-08-14 16:00:00.000,13903.952879682402
2024-08-15 00:00:00.000,13903.952879682402
2024-08-15 08:00:00.000,13903.952879682402
2024-08-15 16:00:00.000,13903.952879682402
2024-08-16 00:00:00.000,13836.778348351505
2024-08-16 08:00:00.000,13836.778348351505
2024-08-16 16:00:00.000,13836.778348351505
2024-08-17 00:00:00.000,13836.778348351505
2024-08-17 08:00:00.000,13836.778348351505
2024-08-17 16:00:00.000,14164.694028162565
2024-08-18 00:00:00.000,14164.694028162565
2024-08-18 08:00:00.000,14164.694028162565
2024-08-18 16:00:00.000,14164.694028162565
2024-08-19 00:00:00.000,14164.694028162565
2024-08-19 08:00:00.000,14164.694028162565
2024-08-19 16:00:00.002,14164.694028162565
2024-08-20 00:00:00.000,14759.374824583683
2024-08-20 08:00:00.000,14759.374824583683
2024-08-20 16:00:00.001,14759.374824583683
2024-08-21 00:00:00.001,14759.374824583683
2024-08-21 08:00:00.000,14759.374824583683
2024-08-21 16:00:00.001,14759.374824583683
2024-08-22 00:00:00.000,14759.374824583683
2024-08-22 08:00:00.000,14913.179709590337
2024-08-22 16:00:00.008,14913.179709590337
2024-08-23 00:00:00.000,14913.179709590337
2024-08-23 08:00:00.000,14913.179709590337
2024-08-23 16:00:00.000,14913.179709590337
2024-08-24 00:00:00.000,15866.796992296899
2024-08-24 08:00:00.005,15866.796992296899
2024-08-24 16:00:00.000,15866.796992296899
2024-08-25 00:00:00.000,15866.796992296899
2024-08-25 08:00:00.000,15866.796992296899
2024-08-25 16:00:00.000,15866.796992296899
2024-08-26 00:00:00.000,15866.796992296899
2024-08-26 08:00:00.001,15765.799226331825
2024-08-26 16:00:00.000,15765.799226331825
2024-08-27 00:00:00.001,15765.799226331825
2024-08-27 08:00:00.000,15765.799226331825
2024-08-27 16:00:00.000,15765.799226331825
2024-08-28 00:00:00.000,15765.799226331825
2024-08-28 08:00:00.000,15765.799226331825
2024-08-28 16:00:00.001,15765.799226331825
2024-08-29 00:00:00.000,15765.799226331825
2024-08-29 08:00:00.001,16334.572926579196
2024-08-29 16:00:00.000,16334.572926579196
2024-08-30 00:00:00.000,16334.572926579196
2024-08-30 08:00:00.000,16334.572926579196
2024-08-30 16:00:00.000,16334.572926579196
2024-08-31 00:00:00.000,16334.572926579196
2024-08-31 08:00:00.000,16334.572926579196
2024-08-31 16:00:00.000,16334.572926579196
2024-09-01 00:00:00.000,16334.572926579196
2024-09-01 08:00:00.001,16334.572926579196
2024-09-01 16:00:00.000,16334.572926579196
2024-09-02 00:00:00.001,16334.572926579196
2024-09-02 08:00:00.001,16334.572926579196
2024-09-02 16:00:00.000,16578.764574318837
2024-09-03 00:00:00.000,16578.764574318837
2024-09-03 08:00:00.001,16578.764574318837
2024-09-03 16:00:00.000,16578.764574318837
2024-09-04 00:00:00.000,16578.764574318837
2024-09-04 08:00:00.000,16578.764574318837
2024-09-04 16:00:00.000,16578.764574318837
2024-09-05 00:00:00.000,16578.764574318837
2024-09-05 08:00:00.000,16578.764574318837
2024-09-05 16:00:00.005,16578.764574318837
2024-09-06 00:00:00.000,16578.764574318837
2024-09-06 08:00:00.001,16578.764574318837
2024-09-06 16:00:00.000,16578.764574318837
2024-09-07 00:00:00.000,16578.764574318837
2024-09-07 08:00:00.000,16578.764574318837
2024-09-07 16:00:00.000,16578.764574318837
2024-09-08 00:00:00.000,16578.764574318837
2024-09-08 08:00:00.000,16578.764574318837
2024-09-08 16:00:00.000,16590.318413699722
2024-09-09 00:00:00.000,16590.318413699722
2024-09-09 08:00:00.000,16590.318413699722
2024-09-09 16:00:00.001,16590.318413699722
2024-09-10 00:00:00.000,16590.318413699722
2024-09-10 08:00:00.000,17063.53490769653
2024-09-10 16:00:00.000,17063.53490769653
2024-09-11 00:00:00.000,17063.53490769653
2024-09-11 08:00:00.000,17063.53490769653
2024-09-11 16:00:00.000,17063.53490769653
2024-09-12 00:00:00.000,17063.53490769653
2024-09-12 08:00:00.000,17286.429261198984
2024-09-12 16:00:00.000,17286.429261198984
2024-09-13 00:00:00.000,17286.429261198984
2024-09-13 08:00:00.001,17286.429261198984
2024-09-13 16:00:00.001,17286.429261198984
2024-09-14 00:00:00.000,17868.187672929365
2024-09-14 08:00:00.000,17868.187672929365
2024-09-14 16:00:00.001,17868.187672929365
2024-09-15 00:00:00.000,17868.187672929365
2024-09-15 08:00:00.000,17868.187672929365
2024-09-15 16:00:00.000,17868.187672929365
2024-09-16 00:00:00.000,17868.187672929365
2024-09-16 08:00:00.001,17868.187672929365
2024-09-16 16:00:00.000,17868.187672929365
2024-09-17 00:00:00.001,17868.187672929365
2024-09-17 08:00:00.000,17868.187672929365
2024-09-17 16:00:00.000,17868.187672929365
2024-09-18 00:00:00.000,17868.187672929365
2024-09-18 08:00:00.000,17868.187672929365
2024-09-18 16:00:00.004,17868.187672929365
2024-09-19 00:00:00.000,17868.187672929365
2024-09-19 08:00:00.000,17868.187672929365
2024-09-19 16:00:00.001,17868.187672929365
2024-09-20 00:00:00.000,17868.187672929365
2024-09-20 08:00:00.001,17868.187672929365
2024-09-20 16:00:00.000,17868.187672929365
2024-09-21 00:00:00.001,17868.187672929365
2024-09-21 08:00:00.000,17868.187672929365
2024-09-21 16:00:00.000,17868.187672929365
2024-09-22 00:00:00.000,17868.187672929365
2024-09-22 08:00:00.000,17868.187672929365
2024-09-22 16:00:00.000,17868.187672929365
2024-09-23 00:00:00.000,17868.187672929365
2024-09-23 08:00:00.000,17868.187672929365
2024-09-23 16:00:00.000,17868.187672929365
2024-09-24 00:00:00.000,17868.187672929365
2024-09-24 08:00:00.000,17868.187672929365
2024-09-24 16:00:00.001,17868.187672929365
2024-09-25 00:00:00.000,17868.187672929365
2024-09-25 08:00:00.003,17868.187672929365
2024-09-25 16:00:00.000,17868.187672929365
2024-09-26 00:00:00.005,17868.187672929365
2024-09-26 08:00:00.000,17868.187672929365
2024-09-26 16:00:00.000,17868.187672929365
2024-09-27 00:00:00.000,17868.187672929365
2024-09-27 08:00:00.000,17868.187672929365
2024-09-27 16:00:00.000,17868.187672929365
2024-09-28 00:00:00.000,17868.187672929365
2024-09-28 08:00:00.001,17868.187672929365
2024-09-28 16:00:00.000,17868.187672929365
2024-09-29 00:00:00.001,17868.187672929365
2024-09-29 08:00:00.000,17868.187672929365
2024-09-29 16:00:00.000,17868.187672929365
2024-09-30 00:00:00.000,17868.187672929365
2024-09-30 08:00:00.001,17868.187672929365
2024-09-30 16:00:00.000,17868.187672929365
2024-10-01 00:00:00.000,17868.187672929365
2024-10-01 08:00:00.000,17868.187672929365
2024-10-01 16:00:00.001,17868.187672929365
2024-10-02 00:00:00.000,17868.187672929365
2024-10-02 08:00:00.000,17868.187672929365
2024-10-02 16:00:00.000,17868.187672929365
2024-10-03 00:00:00.000,17868.187672929365
2024-10-03 08:00:00.000,17868.187672929365
2024-10-03 16:00:00.000,17868.187672929365
2024-10-04 00:00:00.000,17868.187672929365
2024-10-04 08:00:00.000,17868.187672929365
2024-10-04 16:00:00.001,17868.187672929365
2024-10-05 00:00:00.000,17868.187672929365
2024-10-05 08:00:00.000,17868.187672929365
2024-10-05 16:00:00.000,17868.187672929365
2024-10-06 00:00:00.000,17868.187672929365
2024-10-06 08:00:00.001,17868.187672929365
2024-10-06 16:00:00.000,17868.187672929365
2024-10-07 00:00:00.000,17868.187672929365
2024-10-07 08:00:00.000,17868.187672929365
2024-10-07 16:00:00.001,17868.187672929365
2024-10-08 00:00:00.000,17868.187672929365
2024-10-08 08:00:00.000,17868.187672929365
2024-10-08 16:00:00.000,17868.187672929365
2024-10-09 00:00:00.000,17868.187672929365
2024-10-09 08:00:00.000,17868.187672929365
2024-10-09 16:00:00.000,17868.187672929365
2024-10-10 00:00:00.000,17868.187672929365
2024-10-10 08:00:00.000,17868.187672929365
2024-10-10 16:00:00.000,17868.187672929365
2024-10-11 00:00:00.000,17868.187672929365
2024-10-11 08:00:00.000,17868.187672929365
2024-10-11 16:00:00.001,17868.187672929365
2024-10-12 00:00:00.000,17868.187672929365
2024-10-12 08:00:00.001,17868.187672929365
2024-10-12 16:00:00.000,18125.44442965623
2024-10-13 00:00:00.000,18125.44442965623
2024-10-13 08:00:00.000,18125.44442965623
2024-10-13 16:00:00.000,18125.44442965623
2024-10-14 00:00:00.000,18125.44442965623
2024-10-14 08:00:00.000,18125.44442965623
2024-10-14 16:00:00.000,18125.44442965623
2024-10-15 00:00:00.000,18125.44442965623
2024-10-15 08:00:00.000,18125.44442965623
2024-10-15 16:00:00.000,18125.44442965623
2024-10-16 00:00:00.000,18125.44442965623
2024-10-16 08:00:00.001,18125.44442965623
2024-10-16 16:00:00.000,18125.44442965623
2024-10-17 00:00:00.000,18125.44442965623
2024-10-17 08:00:00.000,18125.44442965623
2024-10-17 16:00:00.001,18125.44442965623
2024-10-18 00:00:00.010,18125.44442965623
2024-10-18 08:00:00.001,18125.44442965623
2024-10-18 16:00:00.000,18125.44442965623
2024-10-19 00:00:00.000,18125.44442965623
2024-10-19 08:00:00.000,18125.44442965623
2024-10-19 16:00:00.000,18125.44442965623
2024-10-20 00:00:00.000,18125.44442965623
2024-10-20 08:00:00.000,18125.44442965623
2024-10-20 16:00:00.000,18125.44442965623
2024-10-21 00:00:00.000,18125.44442965623
2024-10-21 08:00:00.000,18125.44442965623
2024-10-21 16:00:00.000,18125.44442965623
2024-10-22 00:00:00.000,18125.44442965623
2024-10-22 08:00:00.000,18125.44442965623
2024-10-22 16:00:00.000,18125.44442965623
2024-10-23 00:00:00.000,18125.44442965623
2024-10-23 08:00:00.000,18125.44442965623
2024-10-23 16:00:00.000,18125.44442965623
2024-10-24 00:00:00.000,18125.44442965623
2024-10-24 08:00:00.000,18125.44442965623
2024-10-24 16:00:00.000,18125.44442965623
2024-10-25 00:00:00.000,18125.44442965623
2024-10-25 08:00:00.000,18125.44442965623
2024-10-25 16:00:00.000,18125.44442965623
2024-10-26 00:00:00.000,18125.44442965623
2024-10-26 08:00:00.001,18125.44442965623
2024-10-26 16:00:00.000,18125.44442965623
2024-10-27 00:00:00.000,18125.44442965623
2024-10-27 08:00:00.000,18125.44442965623
2024-10-27 16:00:00.000,18125.44442965623
2024-10-28 00:00:00.000,18125.44442965623
2024-10-28 08:00:00.001,18125.44442965623
2024-10-28 16:00:00.000,18125.44442965623
2024-10-29 00:00:00.000,18125.44442965623
2024-10-29 08:00:00.000,18125.44442965623
2024-10-29 16:00:00.004,18125.44442965623
2024-10-30 00:00:00.000,18125.44442965623
2024-10-30 08:00:00.000,18125.44442965623
2024-10-30 16:00:00.013,18125.44442965623
2024-10-31 00:00:00.000,18125.44442965623
2024-10-31 08:00:00.000,18125.44442965623
2024-10-31 16:00:00.000,18125.44442965623
2024-11-01 00:00:00.000,18125.44442965623
2024-11-01 08:00:00.000,18125.44442965623
2024-11-01 16:00:00.000,18125.44442965623
2024-11-02 00:00:00.000,18125.44442965623
2024-11-02 08:00:00.000,18125.44442965623
2024-11-02 16:00:00.000,18125.44442965623
2024-11-03 00:00:00.000,18125.44442965623
2024-11-03 08:00:00.000,18125.44442965623
2024-11-03 16:00:00.000,18125.44442965623
2024-11-04 00:00:00.000,18125.44442965623
2024-11-04 08:00:00.000,18125.44442965623
2024-11-04 16:00:00.000,18125.44442965623
2024-11-05 00:00:00.000,18125.44442965623
2024-11-05 08:00:00.003,18125.44442965623
2024-11-05 16:00:00.001,18125.44442965623
2024-11-06 00:00:00.000,18125.44442965623
2024-11-06 08:00:00.000,18125.44442965623
2024-11-06 16:00:00.000,18125.44442965623
2024-11-07 00:00:00.000,18125.44442965623
2024-11-07 08:00:00.000,18125.44442965623
2024-11-07 16:00:00.000,18125.44442965623
2024-11-08 00:00:00.000,18125.44442965623
2024-11-08 08:00:00.000,18125.44442965623
2024-11-08 16:00:00.000,18125.44442965623
2024-11-09 00:00:00.000,18125.44442965623
2024-11-09 08:00:00.000,18125.44442965623
2024-11-09 16:00:00.000,18125.44442965623
2024-11-10 00:00:00.000,18125.44442965623
2024-11-10 08:00:00.000,18125.44442965623
2024-11-10 16:00:00.000,18125.44442965623
2024-11-11 00:00:00.001,18125.44442965623
2024-11-11 08:00:00.000,18125.44442965623
2024-11-11 16:00:00.000,18125.44442965623
2024-11-12 00:00:00.002,18125.44442965623
2024-11-12 08:00:00.000,18125.44442965623
2024-11-12 16:00:00.000,18125.44442965623
2024-11-13 00:00:00.000,18125.44442965623
2024-11-13 08:00:00.010,18125.44442965623
2024-11-13 16:00:00.000,18125.44442965623
2024-11-14 00:00:00.001,18125.44442965623
2024-11-14 08:00:00.000,18125.44442965623
2024-11-14 16:00:00.000,18125.44442965623
2024-11-15 00:00:00.000,18125.44442965623
2024-11-15 08:00:00.000,18125.44442965623
2024-11-15 16:00:00.000,18125.44442965623
2024-11-16 00:00:00.001,18125.44442965623
2024-11-16 08:00:00.001,18125.44442965623
2024-11-16 16:00:00.000,18125.44442965623
2024-11-17 00:00:00.000,18125.44442965623
2024-11-17 08:00:00.000,18125.44442965623
2024-11-17 16:00:00.001,18125.44442965623
2024-11-18 00:00:00.000,18125.44442965623
2024-11-18 08:00:00.000,18125.44442965623
2024-11-18 16:00:00.000,18125.44442965623
2024-11-19 00:00:00.000,18125.44442965623
2024-11-19 08:00:00.000,18125.44442965623
2024-11-19 16:00:00.000,18125.44442965623
2024-11-20 00:00:00.003,18125.44442965623
2024-11-20 08:00:00.000,18125.44442965623
2024-11-20 16:00:00.000,18125.44442965623
2024-11-21 00:00:00.001,18125.44442965623
2024-11-21 08:00:00.000,18125.44442965623
2024-11-21 16:00:00.001,18125.44442965623
2024-11-22 00:00:00.000,18125.44442965623
2024-11-22 08:00:00.000,18125.44442965623
2024-11-22 16:00:00.001,18125.44442965623
2024-11-23 00:00:00.000,18125.44442965623
2024-11-23 08:00:00.000,18125.44442965623
2024-11-23 16:00:00.000,18125.44442965623
2024-11-24 00:00:00.001,18125.44442965623
2024-11-24 08:00:00.000,18125.44442965623
2024-11-24 16:00:00.000,18125.44442965623
2024-11-25 00:00:00.000,18125.44442965623
2024-11-25 08:00:00.000,18125.44442965623
2024-11-25 16:00:00.000,18125.44442965623
2024-11-26 00:00:00.000,18125.44442965623
2024-11-26 08:00:00.000,18125.44442965623
2024-11-26 16:00:00.000,18125.44442965623
2024-11-27 00:00:00.000,18125.44442965623
2024-11-27 08:00:00.000,18125.44442965623
2024-11-27 16:00:00.001,18125.44442965623
2024-11-28 00:00:00.000,18125.44442965623
2024-11-28 08:00:00.000,18125.44442965623
2024-11-28 16:00:00.000,18125.44442965623
2024-11-29 00:00:00.000,18125.44442965623
2024-11-29 08:00:00.000,18125.44442965623
2024-11-29 16:00:00.000,18125.44442965623
2024-11-30 00:00:00.000,18125.44442965623
2024-11-30 08:00:00.000,18125.44442965623
2024-11-30 16:00:00.000,18125.44442965623
2024-12-01 00:00:00.000,18125.44442965623
2024-12-01 08:00:00.000,18125.44442965623
2024-12-01 16:00:00.000,18125.44442965623
2024-12-02 00:00:00.001,18125.44442965623
2024-12-02 08:00:00.001,18125.44442965623
2024-12-02 16:00:00.000,18125.44442965623
2024-12-03 00:00:00.000,18125.44442965623
2024-12-03 08:00:00.000,18125.44442965623
2024-12-03 16:00:00.000,18125.44442965623
2024-12-04 00:00:00.000,18125.44442965623
2024-12-04 08:00:00.000,18125.44442965623
2024-12-04 16:00:00.000,18125.44442965623
2024-12-05 00:00:00.001,18125.44442965623
2024-12-05 08:00:00.000,18125.44442965623
2024-12-05 16:00:00.000,18125.44442965623
2024-12-06 00:00:00.000,18125.44442965623
2024-12-06 08:00:00.000,18125.44442965623
2024-12-06 16:00:00.000,18125.44442965623
2024-12-07 00:00:00.000,18125.44442965623
2024-12-07 08:00:00.000,18125.44442965623
2024-12-07 16:00:00.000,18125.44442965623
2024-12-08 00:00:00.000,18125.44442965623
2024-12-08 08:00:00.000,18125.44442965623
2024-12-08 16:00:00.000,18125.44442965623
2024-12-09 00:00:00.000,18125.44442965623
2024-12-09 08:00:00.000,18125.44442965623
2024-12-09 16:00:00.001,18125.44442965623
2024-12-10 00:00:00.007,18125.44442965623
2024-12-10 08:00:00.000,18125.44442965623
2024-12-10 16:00:00.000,18125.44442965623
2024-12-11 00:00:00.000,18125.44442965623
2024-12-11 08:00:00.000,18125.44442965623
2024-12-11 16:00:00.001,18125.44442965623
2024-12-12 00:00:00.001,18125.44442965623
2024-12-12 08:00:00.000,18125.44442965623
2024-12-12 16:00:00.001,18125.44442965623
2024-12-13 00:00:00.000,18125.44442965623
2024-12-13 08:00:00.000,18125.44442965623
2024-12-13 16:00:00.001,18125.44442965623
2024-12-14 00:00:00.000,18125.44442965623
2024-12-14 08:00:00.000,18125.44442965623
2024-12-14 16:00:00.000,18125.44442965623
2024-12-15 00:00:00.000,18125.44442965623
2024-12-15 08:00:00.000,18125.44442965623
2024-12-15 16:00:00.000,18125.44442965623
2024-12-16 00:00:00.000,18125.44442965623
2024-12-16 08:00:00.001,18125.44442965623
2024-12-16 16:00:00.000,18125.44442965623
2024-12-17 00:00:00.000,18125.44442965623
2024-12-17 08:00:00.000,18125.44442965623
2024-12-17 16:00:00.000,18125.44442965623
2024-12-18 00:00:00.000,18125.44442965623
2024-12-18 08:00:00.000,18125.44442965623
2024-12-18 16:00:00.000,18125.44442965623
2024-12-19 00:00:00.000,18125.44442965623
2024-12-19 08:00:00.000,18125.44442965623
2024-12-19 16:00:00.000,18125.44442965623
2024-12-20 00:00:00.000,18125.44442965623
2024-12-20 08:00:00.001,18125.44442965623
2024-12-20 16:00:00.014,18125.44442965623
2024-12-21 00:00:00.000,18125.44442965623
2024-12-21 08:00:00.000,18125.44442965623
2024-12-21 16:00:00.001,18125.44442965623
2024-12-22 00:00:00.000,18125.44442965623
2024-12-22 08:00:00.000,18125.44442965623
2024-12-22 16:00:00.000,18125.44442965623
2024-12-23 00:00:00.000,18125.44442965623
2024-12-23 08:00:00.000,18125.44442965623
2024-12-23 16:00:00.001,18125.44442965623
2024-12-24 00:00:00.000,18125.44442965623
2024-12-24 08:00:00.000,18125.44442965623
2024-12-24 16:00:00.001,18125.44442965623
2024-12-25 00:00:00.001,18125.44442965623
2024-12-25 08:00:00.000,18125.44442965623
2024-12-25 16:00:00.000,18125.44442965623
2024-12-26 00:00:00.000,18125.44442965623
2024-12-26 08:00:00.000,18125.44442965623
2024-12-26 16:00:00.000,18125.44442965623
2024-12-27 00:00:00.000,18125.44442965623
2024-12-27 08:00:00.000,18125.44442965623
2024-12-27 16:00:00.000,18125.44442965623
2024-12-28 00:00:00.001,18125.44442965623
2024-12-28 08:00:00.000,18125.44442965623
2024-12-28 16:00:00.000,18125.44442965623
2024-12-29 00:00:00.000,18125.44442965623
2024-12-29 08:00:00.000,18125.44442965623
2024-12-29 16:00:00.000,18125.44442965623
2024-12-30 00:00:00.000,18125.44442965623
2024-12-30 08:00:00.001,18125.44442965623
2024-12-30 16:00:00.000,18125.44442965623
2024-12-31 00:00:00.000,18125.44442965623
2024-12-31 08:00:00.000,18125.44442965623
2024-12-31 16:00:00.000,18125.44442965623
2025-01-01 00:00:00.015,18125.44442965623
2025-01-01 08:00:00.000,18125.44442965623
2025-01-01 16:00:00.001,18125.44442965623
2025-01-02 00:00:00.000,18125.44442965623
2025-01-02 08:00:00.006,18125.44442965623
2025-01-02 16:00:00.000,18125.44442965623
2025-01-03 00:00:00.000,18125.44442965623
2025-01-03 08:00:00.000,18125.44442965623
2025-01-03 16:00:00.000,18125.44442965623
2025-01-04 00:00:00.000,18125.44442965623
2025-01-04 08:00:00.000,18125.44442965623
2025-01-04 16:00:00.000,18125.44442965623
2025-01-05 00:00:00.000,18125.44442965623
2025-01-05 08:00:00.000,18125.44442965623
2025-01-05 16:00:00.000,18125.44442965623
2025-01-06 00:00:00.000,18125.44442965623
2025-01-06 08:00:00.001,18125.44442965623
2025-01-06 16:00:00.000,18125.44442965623
2025-01-07 00:00:00.000,18125.44442965623
2025-01-07 08:00:00.000,18125.44442965623
2025-01-07 16:00:00.008,18125.44442965623
2025-01-08 00:00:00.001,18125.44442965623
2025-01-08 08:00:00.000,18125.44442965623
2025-01-08 16:00:00.000,18125.44442965623
2025-01-09 00:00:00.000,18125.44442965623
2025-01-09 08:00:00.000,18125.44442965623
2025-01-09 16:00:00.000,18125.44442965623
2025-01-10 00:00:00.000,18125.44442965623
2025-01-10 08:00:00.000,18125.44442965623
2025-01-10 16:00:00.000,18125.44442965623
2025-01-11 00:00:00.000,18125.44442965623
2025-01-11 08:00:00.000,18125.44442965623
2025-01-11 16:00:00.000,18125.44442965623
2025-01-12 00:00:00.000,18125.44442965623
2025-01-12 08:00:00.000,18125.44442965623
2025-01-12 16:00:00.000,18125.44442965623
2025-01-13 00:00:00.000,18125.44442965623
2025-01-13 08:00:00.000,18125.44442965623
2025-01-13 16:00:00.000,18125.44442965623
2025-01-14 00:00:00.000,18125.44442965623
2025-01-14 08:00:00.000,18125.44442965623
2025-01-14 16:00:00.000,18125.44442965623
2025-01-15 00:00:00.000,18125.44442965623
2025-01-15 08:00:00.000,18125.44442965623
2025-01-15 16:00:00.000,18125.44442965623
2025-01-16 00:00:00.000,18125.44442965623
2025-01-16 08:00:00.000,18125.44442965623
2025-01-16 16:00:00.000,18125.44442965623
2025-01-17 00:00:00.004,18125.44442965623
2025-01-17 08:00:00.000,18125.44442965623
2025-01-17 16:00:00.008,18125.44442965623
2025-01-18 00:00:00.000,18125.44442965623
2025-01-18 08:00:00.007,18125.44442965623
2025-01-18 16:00:00.000,18125.44442965623
2025-01-19 00:00:00.000,18125.44442965623
2025-01-19 08:00:00.000,18125.44442965623
2025-01-19 16:00:00.000,18125.44442965623
2025-01-20 00:00:00.000,18125.44442965623
2025-01-20 08:00:00.009,18125.44442965623
2025-01-20 16:00:00.000,18125.44442965623
2025-01-21 00:00:00.000,18125.44442965623
2025-01-21 08:00:00.000,18125.44442965623
2025-01-21 16:00:00.000,18125.44442965623
2025-01-22 00:00:00.000,18125.44442965623
2025-01-22 08:00:00.000,18125.44442965623
2025-01-22 16:00:00.000,18125.44442965623
2025-01-23 00:00:00.001,18125.44442965623
2025-01-23 08:00:00.000,18125.44442965623
2025-01-23 16:00:00.000,18125.44442965623
2025-01-24 00:00:00.000,18125.44442965623
2025-01-24 08:00:00.000,18125.44442965623
2025-01-24 16:00:00.000,18125.44442965623
2025-01-25 00:00:00.000,18125.44442965623
2025-01-25 08:00:00.000,18125.44442965623
2025-01-25 16:00:00.001,18125.44442965623
2025-01-26 00:00:00.000,18125.44442965623
2025-01-26 08:00:00.000,18125.44442965623
2025-01-26 16:00:00.000,18125.44442965623
2025-01-27 00:00:00.000,18125.44442965623
2025-01-27 08:00:00.000,18125.44442965623
2025-01-27 16:00:00.000,18125.44442965623
2025-01-28 00:00:00.000,18125.44442965623
2025-01-28 08:00:00.000,18125.44442965623
2025-01-28 16:00:00.000,18125.44442965623
2025-01-29 00:00:00.000,18125.44442965623
2025-01-29 08:00:00.000,18125.44442965623
2025-01-29 16:00:00.000,18125.44442965623
2025-01-30 00:00:00.000,18125.44442965623
2025-01-30 08:00:00.000,18125.44442965623
2025-01-30 16:00:00.000,18125.44442965623
2025-01-31 00:00:00.000,18125.44442965623
2025-01-31 08:00:00.000,18125.44442965623
2025-01-31 16:00:00.000,18125.44442965623
2025-02-01 00:00:00.000,18125.44442965623
2025-02-01 08:00:00.000,18125.44442965623
2025-02-01 16:00:00.000,18125.44442965623
2025-02-02 00:00:00.001,18125.44442965623
2025-02-02 08:00:00.000,18125.44442965623
2025-02-02 16:00:00.000,18125.44442965623
2025-02-03 00:00:00.000,18125.44442965623
2025-02-03 08:00:00.000,18125.44442965623
2025-02-03 16:00:00.000,18125.44442965623
2025-02-04 00:00:00.000,18125.44442965623
2025-02-04 08:00:00.001,18125.44442965623
2025-02-04 16:00:00.000,18125.44442965623
2025-02-05 00:00:00.001,18125.44442965623
2025-02-05 08:00:00.001,18125.44442965623
2025-02-05 16:00:00.000,18125.44442965623
2025-02-06 00:00:00.001,18125.44442965623
2025-02-06 08:00:00.001,18125.44442965623
2025-02-06 16:00:00.000,18125.44442965623
2025-02-07 00:00:00.000,18125.44442965623
2025-02-07 08:00:00.000,18125.44442965623
2025-02-07 16:00:00.000,18125.44442965623
2025-02-08 00:00:00.000,18125.44442965623
2025-02-08 08:00:00.000,18125.44442965623
2025-02-08 16:00:00.000,18125.44442965623
2025-02-09 00:00:00.000,18125.44442965623
2025-02-09 08:00:00.000,18160.967649597053
2025-02-09 16:00:00.000,18160.967649597053
2025-02-10 00:00:00.000,18160.967649597053
2025-02-10 08:00:00.000,18160.967649597053
2025-02-10 16:00:00.000,18160.967649597053
2025-02-11 00:00:00.000,18160.967649597053
2025-02-11 08:00:00.000,18160.967649597053
2025-02-11 16:00:00.000,18160.967649597053
2025-02-12 00:00:00.000,18160.967649597053
2025-02-12 08:00:00.000,18160.967649597053
2025-02-12 16:00:00.001,18160.967649597053
2025-02-13 00:00:00.001,18197.271714446713
2025-02-13 08:00:00.000,18197.271714446713
2025-02-13 16:00:00.001,18197.271714446713
2025-02-14 00:00:00.000,18197.271714446713
2025-02-14 08:00:00.001,18197.271714446713
2025-02-14 16:00:00.000,18197.271714446713
2025-02-15 00:00:00.000,18197.271714446713
2025-02-15 08:00:00.000,18197.271714446713
2025-02-15 16:00:00.000,18197.271714446713
2025-02-16 00:00:00.000,18197.271714446713
2025-02-16 08:00:00.000,18197.271714446713
2025-02-16 16:00:00.000,18197.271714446713
2025-02-17 00:00:00.000,18197.271714446713
2025-02-17 08:00:00.000,18197.271714446713
2025-02-17 16:00:00.000,18197.271714446713
2025-02-18 00:00:00.000,18197.271714446713
2025-02-18 08:00:00.000,18197.271714446713
2025-02-18 16:00:00.000,18197.271714446713
2025-02-19 00:00:00.000,18197.271714446713
2025-02-19 08:00:00.000,18197.271714446713
2025-02-19 16:00:00.000,18197.271714446713
2025-02-20 00:00:00.000,18197.271714446713
2025-02-20 08:00:00.000,18197.271714446713
2025-02-20 16:00:00.000,18197.271714446713
2025-02-21 00:00:00.001,18197.271714446713
2025-02-21 08:00:00.000,18197.271714446713
2025-02-21 16:00:00.000,18197.271714446713
2025-02-22 00:00:00.000,18197.271714446713
2025-02-22 08:00:00.000,18197.271714446713
2025-02-22 16:00:00.000,18197.271714446713
2025-02-23 00:00:00.000,18197.271714446713
2025-02-23 08:00:00.000,18197.271714446713
2025-02-23 16:00:00.000,18197.271714446713
2025-02-24 00:00:00.000,18197.271714446713
2025-02-24 08:00:00.000,18197.271714446713
2025-02-24 16:00:00.000,18197.271714446713
2025-02-25 00:00:00.000,18197.271714446713
2025-02-25 08:00:00.000,16540.89806872334
2025-02-25 16:00:00.000,16540.89806872334
2025-02-26 00:00:00.000,16540.89806872334
2025-02-26 08:00:00.000,16540.89806872334
2025-02-26 16:00:00.000,16540.89806872334
2025-02-27 00:00:00.001,16540.89806872334
2025-02-27 08:00:00.000,16540.89806872334
2025-02-27 16:00:00.000,16540.89806872334
2025-02-28 00:00:00.001,16540.89806872334
2025-02-28 08:00:00.000,16540.89806872334
2025-02-28 16:00:00.000,16540.89806872334
2025-03-01 00:00:00.000,16540.89806872334
2025-03-01 08:00:00.000,16540.89806872334
2025-03-01 16:00:00.001,16540.89806872334
2025-03-02 00:00:00.000,16540.89806872334
2025-03-02 08:00:00.000,16540.89806872334
2025-03-02 16:00:00.000,18372.10555995388
2025-03-03 00:00:00.001,18372.10555995388
2025-03-03 08:00:00.000,18372.10555995388
2025-03-03 16:00:00.000,18372.10555995388
2025-03-04 00:00:00.001,18372.10555995388
2025-03-04 08:00:00.005,16488.422838766986
2025-03-04 16:00:00.000,16488.422838766986
2025-03-05 00:00:00.000,16488.422838766986
2025-03-05 08:00:00.000,16488.422838766986
2025-03-05 16:00:00.000,16488.422838766986
2025-03-06 00:00:00.000,16488.422838766986
2025-03-06 08:00:00.001,16488.422838766986
2025-03-06 16:00:00.000,16488.422838766986
2025-03-07 00:00:00.000,16488.422838766986
2025-03-07 08:00:00.001,16488.422838766986
2025-03-07 16:00:00.000,16488.422838766986
2025-03-08 00:00:00.000,16488.422838766986
2025-03-08 08:00:00.001,16488.422838766986
2025-03-08 16:00:00.001,16488.422838766986
2025-03-09 00:00:00.001,16488.422838766986
2025-03-09 08:00:00.000,16488.422838766986
2025-03-09 16:00:00.000,16488.422838766986
2025-03-10 00:00:00.000,16488.422838766986
2025-03-10 08:00:00.000,15329.006277597844
2025-03-10 16:00:00.000,15329.006277597844
2025-03-11 00:00:00.000,15329.006277597844
2025-03-11 08:00:00.000,15329.006277597844
2025-03-11 16:00:00.001,15329.006277597844
2025-03-12 00:00:00.000,15329.006277597844
2025-03-12 08:00:00.000,15329.006277597844
2025-03-12 16:00:00.001,15329.006277597844
2025-03-13 00:00:00.000,15329.006277597844
2025-03-13 08:00:00.000,15329.006277597844
2025-03-13 16:00:00.000,15329.006277597844
2025-03-14 00:00:00.000,15329.006277597844
2025-03-14 08:00:00.000,15329.006277597844
2025-03-14 16:00:00.000,15329.006277597844
2025-03-15 00:00:00.000,15329.006277597844
2025-03-15 08:00:00.000,15329.006277597844
2025-03-15 16:00:00.000,15329.006277597844
2025-03-16 00:00:00.000,15329.006277597844
2025-03-16 08:00:00.000,15219.084151198595
2025-03-16 16:00:00.000,15219.084151198595
2025-03-17 00:00:00.000,15219.084151198595
2025-03-17 08:00:00.000,15219.084151198595
2025-03-17 16:00:00.000,15219.084151198595
2025-03-18 00:00:00.000,15219.084151198595
2025-03-18 08:00:00.000,15219.084151198595
2025-03-18 16:00:00.000,15219.084151198595
2025-03-19 00:00:00.000,15219.084151198595
2025-03-19 08:00:00.000,15219.084151198595
2025-03-19 16:00:00.000,15219.084151198595
2025-03-20 00:00:00.000,15219.084151198595
2025-03-20 08:00:00.000,15219.084151198595
2025-03-20 16:00:00.000,15219.084151198595
2025-03-21 00:00:00.000,15219.084151198595
2025-03-21 08:00:00.000,15219.084151198595
2025-03-21 16:00:00.000,15219.084151198595
2025-03-22 00:00:00.000,15219.084151198595
2025-03-22 08:00:00.004,15219.084151198595
2025-03-22 16:00:00.000,15219.084151198595
2025-03-23 00:00:00.000,15219.084151198595
2025-03-23 08:00:00.000,15219.084151198595
2025-03-23 16:00:00.000,15219.084151198595
2025-03-24 00:00:00.000,15219.084151198595
2025-03-24 08:00:00.000,15219.084151198595
2025-03-24 16:00:00.000,15219.084151198595
2025-03-25 00:00:00.001,15219.084151198595
2025-03-25 08:00:00.000,15219.084151198595
2025-03-25 16:00:00.000,15219.084151198595
2025-03-26 00:00:00.000,15315.802595596097
2025-03-26 08:00:00.000,15315.802595596097
2025-03-26 16:00:00.001,15315.802595596097
2025-03-27 00:00:00.001,15315.802595596097
2025-03-27 08:00:00.001,15315.802595596097
2025-03-27 16:00:00.002,15315.802595596097
2025-03-28 00:00:00.001,15000.989643115456
2025-03-28 08:00:00.001,15000.989643115456
2025-03-28 16:00:00.000,15000.989643115456
2025-03-29 00:00:00.000,15000.989643115456
2025-03-29 08:00:00.000,15000.989643115456
2025-03-29 16:00:00.000,15000.989643115456
2025-03-30 00:00:00.000,15000.989643115456
2025-03-30 08:00:00.000,15000.989643115456
2025-03-30 16:00:00.000,15000.989643115456
2025-03-31 00:00:00.000,15000.989643115456
2025-03-31 08:00:00.000,15000.989643115456
2025-03-31 16:00:00.000,15000.989643115456
2025-04-01 00:00:00.000,15000.989643115456
2025-04-01 08:00:00.001,15000.989643115456
2025-04-01 16:00:00.000,15000.989643115456
2025-04-02 00:00:00.001,15000.989643115456
2025-04-02 08:00:00.000,15000.989643115456
2025-04-02 16:00:00.000,15000.989643115456
2025-04-03 00:00:00.000,15000.989643115456
2025-04-03 08:00:00.000,14561.519042029293
2025-04-03 16:00:00.000,14561.519042029293
2025-04-04 00:00:00.000,14561.519042029293
2025-04-04 08:00:00.000,14561.519042029293
2025-04-04 16:00:00.000,14561.519042029293
2025-04-05 00:00:00.000,14561.519042029293
2025-04-05 08:00:00.000,14561.519042029293
2025-04-05 16:00:00.000,14561.519042029293
2025-04-06 00:00:00.000,14561.519042029293
2025-04-06 08:00:00.000,14561.519042029293
2025-04-06 16:00:00.002,14561.519042029293
2025-04-07 00:00:00.000,14561.519042029293
2025-04-07 08:00:00.000,14561.519042029293
2025-04-07 16:00:00.000,14561.519042029293
2025-04-08 00:00:00.000,14561.519042029293
2025-04-08 08:00:00.000,14561.519042029293
2025-04-08 16:00:00.000,14561.519042029293
2025-04-09 00:00:00.000,14561.519042029293
2025-04-09 08:00:00.001,14561.519042029293
2025-04-09 16:00:00.000,14561.519042029293
2025-04-10 00:00:00.000,14561.519042029293
2025-04-10 08:00:00.000,14561.519042029293
2025-04-10 16:00:00.000,14984.854144174142
2025-04-11 00:00:00.001,14984.854144174142
2025-04-11 08:00:00.000,14984.854144174142
2025-04-11 16:00:00.000,14984.854144174142
2025-04-12 00:00:00.000,14984.854144174142
2025-04-12 08:00:00.001,14984.854144174142
2025-04-12 16:00:00.000,15469.626023842206
2025-04-13 00:00:00.000,15469.626023842206
2025-04-13 08:00:00.000,15469.626023842206
2025-04-13 16:00:00.000,15469.626023842206
2025-04-14 00:00:00.000,15469.626023842206
2025-04-14 08:00:00.000,15469.626023842206
2025-04-14 16:00:00.000,15469.626023842206
2025-04-15 00:00:00.000,15469.626023842206
2025-04-15 08:00:00.000,15469.626023842206
2025-04-15 16:00:00.001,15469.626023842206
2025-04-16 00:00:00.000,15469.626023842206
2025-04-16 08:00:00.000,15295.18398548951
2025-04-16 16:00:00.000,15295.18398548951
2025-04-17 00:00:00.001,15295.18398548951
2025-04-17 08:00:00.000,15295.18398548951
2025-04-17 16:00:00.001,15295.18398548951
2025-04-18 00:00:00.000,15295.18398548951
2025-04-18 08:00:00.000,15295.18398548951
2025-04-18 16:00:00.000,15295.18398548951
2025-04-19 00:00:00.000,15295.18398548951
2025-04-19 08:00:00.000,15295.18398548951
2025-04-19 16:00:00.000,15295.18398548951
2025-04-20 00:00:00.000,15295.18398548951
2025-04-20 08:00:00.000,15295.18398548951
2025-04-20 16:00:00.000,15295.18398548951
2025-04-21 00:00:00.000,15703.187881736772
2025-04-21 08:00:00.005,15703.187881736772
2025-04-21 16:00:00.003,15703.187881736772
2025-04-22 00:00:00.008,15703.187881736772
2025-04-22 08:00:00.000,15703.187881736772
2025-04-22 16:00:00.000,15703.187881736772
2025-04-23 00:00:00.000,15703.187881736772
2025-04-23 08:00:00.002,15703.187881736772
2025-04-23 16:00:00.000,15703.187881736772
2025-04-24 00:00:00.000,15479.201408217092
2025-04-24 08:00:00.001,15479.201408217092
2025-04-24 16:00:00.001,15479.201408217092
2025-04-25 00:00:00.007,15479.201408217092
2025-04-25 08:00:00.002,15479.201408217092
2025-04-25 16:00:00.003,15479.201408217092
2025-04-26 00:00:00.002,15560.719039062982
2025-04-26 08:00:00.000,15560.719039062982
2025-04-26 16:00:00.002,15560.719039062982
2025-04-27 00:00:00.001,15560.719039062982
2025-04-27 08:00:00.000,15560.719039062982
2025-04-27 16:00:00.000,15441.574164342737
2025-04-28 00:00:00.001,15441.574164342737
2025-04-28 08:00:00.003,15441.574164342737
2025-04-28 16:00:00.005,15441.574164342737
2025-04-29 00:00:00.000,15441.574164342737
2025-04-29 08:00:00.000,15441.574164342737
2025-04-29 16:00:00.010,15441.574164342737
2025-04-30 00:00:00.001,15362.492537867392
2025-04-30 08:00:00.000,15362.492537867392
2025-04-30 16:00:00.003,15362.492537867392
2025-05-01 00:00:00.000,15362.492537867392
2025-05-01 08:00:00.000,15362.492537867392
2025-05-01 16:00:00.001,15362.492537867392
2025-05-02 00:00:00.000,15702.41294253909
2025-05-02 08:00:00.000,15702.41294253909
2025-05-02 16:00:00.003,15702.41294253909
2025-05-03 00:00:00.000,15702.41294253909
2025-05-03 08:00:00.000,15702.41294253909
2025-05-03 16:00:00.000,15449.923487081775
2025-05-04 00:00:00.001,15449.923487081775
2025-05-04 08:00:00.001,15449.923487081775
2025-05-04 16:00:00.002,15449.923487081775
2025-05-05 00:00:00.000,15449.923487081775
2025-05-05 08:00:00.000,15449.923487081775
2025-05-05 16:00:00.006,15449.923487081775
2025-05-06 00:00:00.002,15449.923487081775
2025-05-06 08:00:00.005,15404.584085400871
2025-05-06 16:00:00.000,15404.584085400871
2025-05-07 00:00:00.002,15404.584085400871
2025-05-07 08:00:00.000,15404.584085400871
2025-05-07 16:00:00.006,15404.584085400871
2025-05-08 00:00:00.000,15404.584085400871
2025-05-08 08:00:00.001,15404.584085400871
2025-05-08 16:00:00.002,15404.584085400871
2025-05-09 00:00:00.001,15404.584085400871
2025-05-09 08:00:00.006,15404.584085400871
2025-05-09 16:00:00.000,15404.584085400871
2025-05-10 00:00:00.001,15404.584085400871
2025-05-10 08:00:00.000,15404.584085400871
2025-05-10 16:00:00.001,15404.584085400871
2025-05-11 00:00:00.000,15404.584085400871
2025-05-11 08:00:00.001,15404.584085400871
2025-05-11 16:00:00.001,15404.584085400871
2025-05-12 00:00:00.004,15404.584085400871
2025-05-12 08:00:00.000,15404.584085400871
2025-05-12 16:00:00.000,15404.584085400871
2025-05-13 00:00:00.000,15404.584085400871
2025-05-13 08:00:00.008,15404.584085400871
2025-05-13 16:00:00.001,15404.584085400871
2025-05-14 00:00:00.007,15404.584085400871
2025-05-14 08:00:00.000,15404.584085400871
2025-05-14 16:00:00.002,15404.584085400871
2025-05-15 00:00:00.000,15404.584085400871
2025-05-15 08:00:00.003,15404.584085400871
2025-05-15 16:00:00.000,15404.584085400871
2025-05-16 00:00:00.001,15404.584085400871
2025-05-16 08:00:00.000,15404.584085400871
2025-05-16 16:00:00.000,15404.584085400871
2025-05-17 00:00:00.000,15404.584085400871
2025-05-17 08:00:00.001,15404.584085400871
2025-05-17 16:00:00.004,15404.584085400871
2025-05-18 00:00:00.000,15404.584085400871
2025-05-18 08:00:00.000,15404.584085400871
2025-05-18 16:00:00.000,15404.584085400871
2025-05-19 00:00:00.000,15404.584085400871
2025-05-19 08:00:00.006,15404.584085400871
2025-05-19 16:00:00.010,15404.584085400871
2025-05-20 00:00:00.000,15404.584085400871
2025-05-20 08:00:00.002,15404.584085400871
2025-05-20 16:00:00.000,15404.584085400871
2025-05-21 00:00:00.000,15404.584085400871
2025-05-21 08:00:00.001,15404.584085400871
2025-05-21 16:00:00.004,15404.584085400871
2025-05-22 00:00:00.001,15404.584085400871
2025-05-22 08:00:00.000,15404.584085400871
2025-05-22 16:00:00.002,15404.584085400871
2025-05-23 00:00:00.006,15404.584085400871
2025-05-23 08:00:00.000,15404.584085400871
2025-05-23 16:00:00.007,15404.584085400871
2025-05-24 00:00:00.010,15404.584085400871
2025-05-24 08:00:00.000,15404.584085400871
2025-05-24 16:00:00.003,15404.584085400871
2025-05-25 00:00:00.004,15404.584085400871
2025-05-25 08:00:00.000,15404.584085400871
2025-05-25 16:00:00.000,15404.584085400871
2025-05-26 00:00:00.000,15404.584085400871
2025-05-26 08:00:00.000,15404.584085400871
2025-05-26 16:00:00.002,15404.584085400871
2025-05-27 00:00:00.003,15404.584085400871
2025-05-27 08:00:00.001,15404.584085400871
2025-05-27 16:00:00.005,15404.584085400871
2025-05-28 00:00:00.002,15404.584085400871
2025-05-28 08:00:00.003,15404.584085400871
2025-05-28 16:00:00.002,15404.584085400871
2025-05-29 00:00:00.000,15404.584085400871
2025-05-29 08:00:00.006,15404.584085400871
2025-05-29 16:00:00.000,15404.584085400871
2025-05-30 00:00:00.003,15404.584085400871
2025-05-30 08:00:00.003,15404.584085400871
2025-05-30 16:00:00.000,15404.584085400871
2025-05-31 00:00:00.000,15404.584085400871
2025-05-31 08:00:00.000,15404.584085400871
2025-05-31 16:00:00.000,15404.584085400871
2025-06-01 00:00:00.001,15404.584085400871
2025-06-01 08:00:00.002,15404.584085400871
2025-06-01 16:00:00.000,15404.584085400871
2025-06-02 00:00:00.001,15404.584085400871
2025-06-02 08:00:00.000,15404.584085400871
2025-06-02 16:00:00.000,15404.584085400871
2025-06-03 00:00:00.000,15404.584085400871
2025-06-03 08:00:00.000,15404.584085400871
2025-06-03 16:00:00.001,15404.584085400871
2025-06-04 00:00:00.000,15404.584085400871
2025-06-04 08:00:00.000,15404.584085400871
2025-06-04 16:00:00.000,15404.584085400871
2025-06-05 00:00:00.016,15404.584085400871
2025-06-05 08:00:00.000,15404.584085400871
2025-06-05 16:00:00.000,15404.584085400871
2025-06-06 00:00:00.002,15404.584085400871
2025-06-06 08:00:00.000,15404.584085400871
2025-06-06 16:00:00.006,15404.584085400871
2025-06-07 00:00:00.000,15404.584085400871
2025-06-07 08:00:00.000,15749.458085855216
2025-06-07 16:00:00.002,15749.458085855216
2025-06-08 00:00:00.000,15749.458085855216
2025-06-08 08:00:00.000,15749.458085855216
2025-06-08 16:00:00.000,15749.458085855216
2025-06-09 00:00:00.000,15749.458085855216
2025-06-09 08:00:00.001,15749.458085855216
2025-06-09 16:00:00.001,15749.458085855216
2025-06-10 00:00:00.000,16255.553385001309
2025-06-10 08:00:00.001,16255.553385001309
2025-06-10 16:00:00.003,16255.553385001309
2025-06-11 00:00:00.000,16255.553385001309
2025-06-11 08:00:00.000,16255.553385001309
2025-06-11 16:00:00.010,16255.553385001309
2025-06-12 00:00:00.002,16255.553385001309
2025-06-12 08:00:00.003,16255.553385001309
2025-06-12 16:00:00.001,16255.553385001309
2025-06-13 00:00:00.000,16255.553385001309
2025-06-13 08:00:00.001,16255.553385001309
2025-06-13 16:00:00.004,16255.553385001309
2025-06-14 00:00:00.000,16255.553385001309
2025-06-14 08:00:00.000,16255.553385001309
2025-06-14 16:00:00.000,16255.553385001309
2025-06-15 00:00:00.005,16255.553385001309
2025-06-15 08:00:00.009,16255.553385001309
2025-06-15 16:00:00.000,16255.553385001309
2025-06-16 00:00:00.000,16255.553385001309
2025-06-16 08:00:00.000,16547.935863101924
2025-06-16 16:00:00.003,16547.935863101924
2025-06-17 00:00:00.000,16547.935863101924
2025-06-17 08:00:00.006,16547.935863101924
2025-06-17 16:00:00.001,16547.935863101924
2025-06-18 00:00:00.001,16547.935863101924
2025-06-18 08:00:00.001,16547.935863101924
2025-06-18 16:00:00.001,16547.935863101924
2025-06-19 00:00:00.005,16547.935863101924
2025-06-19 08:00:00.003,16547.935863101924
2025-06-19 16:00:00.000,16547.935863101924
2025-06-20 00:00:00.000,16547.935863101924
2025-06-20 08:00:00.002,16547.935863101924
2025-06-20 16:00:00.001,16547.935863101924
2025-06-21 00:00:00.002,16547.935863101924
2025-06-21 08:00:00.005,16547.935863101924
2025-06-21 16:00:00.000,16547.935863101924
2025-06-22 00:00:00.005,16547.935863101924
2025-06-22 08:00:00.000,16547.935863101924
2025-06-22 16:00:00.003,16547.935863101924
2025-06-23 00:00:00.000,16547.935863101924
2025-06-23 08:00:00.004,16547.935863101924
2025-06-23 16:00:00.013,16547.935863101924
2025-06-24 00:00:00.003,16547.935863101924
2025-06-24 08:00:00.000,16547.935863101924
2025-06-24 16:00:00.000,17292.96817597344
2025-06-25 00:00:00.005,17292.96817597344
2025-06-25 08:00:00.000,17292.96817597344
2025-06-25 16:00:00.005,17292.96817597344
2025-06-26 00:00:00.000,17292.96817597344
2025-06-26 08:00:00.006,17391.31602363436
2025-06-26 16:00:00.007,17391.31602363436
2025-06-27 00:00:00.000,17391.31602363436
2025-06-27 08:00:00.000,17391.31602363436
2025-06-27 16:00:00.009,17391.31602363436
2025-06-28 00:00:00.001,17391.31602363436
2025-06-28 08:00:00.002,17391.31602363436
2025-06-28 16:00:00.000,17391.31602363436
2025-06-29 00:00:00.004,17391.31602363436
2025-06-29 08:00:00.001,17391.31602363436
2025-06-29 16:00:00.001,17391.31602363436
2025-06-30 00:00:00.000,17391.31602363436
2025-06-30 08:00:00.005,17391.31602363436
2025-06-30 16:00:00.002,17391.31602363436
2025-07-01 00:00:00.007,17391.31602363436
2025-07-01 08:00:00.002,17391.31602363436
2025-07-01 16:00:00.000,17391.31602363436
2025-07-02 00:00:00.001,17391.31602363436
2025-07-02 08:00:00.000,17391.31602363436
2025-07-02 16:00:00.003,17391.31602363436
2025-07-03 00:00:00.006,17391.31602363436
2025-07-03 08:00:00.003,17391.31602363436
2025-07-03 16:00:00.003,17391.31602363436
2025-07-04 00:00:00.005,17391.31602363436
2025-07-04 08:00:00.003,17391.31602363436
2025-07-04 16:00:00.001,17391.31602363436
2025-07-05 00:00:00.004,17391.31602363436
2025-07-05 08:00:00.009,17391.31602363436
2025-07-05 16:00:00.006,17391.31602363436
2025-07-06 00:00:00.001,17391.31602363436
2025-07-06 08:00:00.002,17391.31602363436
2025-07-06 16:00:00.004,17391.31602363436
2025-07-07 00:00:00.000,17391.31602363436
2025-07-07 08:00:00.007,17391.31602363436
2025-07-07 16:00:00.000,17391.31602363436
2025-07-08 00:00:00.010,17391.31602363436
2025-07-08 08:00:00.003,17391.31602363436
2025-07-08 16:00:00.000,17391.31602363436
2025-07-09 00:00:00.002,17391.31602363436
2025-07-09 08:00:00.006,17391.31602363436
2025-07-09 16:00:00.001,17391.31602363436
2025-07-10 00:00:00.003,17391.31602363436
2025-07-10 08:00:00.000,17391.31602363436
2025-07-10 16:00:00.004,17391.31602363436
2025-07-11 00:00:00.004,17391.31602363436
2025-07-11 08:00:00.007,17391.31602363436
2025-07-11 16:00:00.001,17391.31602363436
2025-07-12 00:00:00.000,17391.31602363436
2025-07-12 08:00:00.001,17391.31602363436
2025-07-12 16:00:00.002,17391.31602363436
2025-07-13 00:00:00.006,17391.31602363436
2025-07-13 08:00:00.001,17391.31602363436
2025-07-13 16:00:00.003,17391.31602363436
2025-07-14 00:00:00.000,17391.31602363436
2025-07-14 08:00:00.000,17391.31602363436
2025-07-14 16:00:00.000,17391.31602363436
2025-07-15 00:00:00.002,17391.31602363436
2025-07-15 08:00:00.000,17391.31602363436
2025-07-15 16:00:00.000,17391.31602363436
2025-07-16 00:00:00.000,17391.31602363436
2025-07-16 08:00:00.000,17391.31602363436
2025-07-16 16:00:00.008,17391.31602363436
2025-07-17 00:00:00.003,17391.31602363436
2025-07-17 08:00:00.000,17391.31602363436
2025-07-17 16:00:00.000,17391.31602363436
2025-07-18 00:00:00.004,17391.31602363436
2025-07-18 08:00:00.000,17391.31602363436
2025-07-18 16:00:00.000,17391.31602363436
2025-07-19 00:00:00.009,17391.31602363436
2025-07-19 08:00:00.000,17391.31602363436
2025-07-19 16:00:00.002,17391.31602363436
2025-07-20 00:00:00.000,17391.31602363436
2025-07-20 08:00:00.000,17391.31602363436
2025-07-20 16:00:00.000,17391.31602363436
2025-07-21 00:00:00.001,17391.31602363436
2025-07-21 08:00:00.000,17391.31602363436
2025-07-21 16:00:00.001,17391.31602363436
2025-07-22 00:00:00.000,17391.31602363436
2025-07-22 08:00:00.010,17391.31602363436
2025-07-22 16:00:00.007,17391.31602363436
2025-07-23 00:00:00.000,17391.31602363436
2025-07-23 08:00:00.004,17391.31602363436
2025-07-23 16:00:00.002,17391.31602363436
2025-07-24 00:00:00.000,17391.31602363436
2025-07-24 08:00:00.001,17391.31602363436
2025-07-24 16:00:00.000,17391.31602363436
2025-07-25 00:00:00.000,17391.31602363436
2025-07-25 08:00:00.000,17391.31602363436
2025-07-25 16:00:00.000,17391.31602363436
2025-07-26 00:00:00.001,17391.31602363436
2025-07-26 08:00:00.005,17391.31602363436
2025-07-26 16:00:00.001,17391.31602363436
2025-07-27 00:00:00.001,17391.31602363436
2025-07-27 08:00:00.000,17391.31602363436
2025-07-27 16:00:00.008,17391.31602363436
2025-07-28 00:00:00.005,17391.31602363436
2025-07-28 08:00:00.000,17391.31602363436
2025-07-28 16:00:00.000,17391.31602363436
2025-07-29 00:00:00.001,17391.31602363436
2025-07-29 08:00:00.000,17391.31602363436
2025-07-29 16:00:00.000,17391.31602363436
2025-07-30 00:00:00.011,17391.31602363436
2025-07-30 08:00:00.000,17391.31602363436
2025-07-30 16:00:00.008,17391.31602363436
2025-07-31 00:00:00.000,17391.31602363436
2025-07-31 08:00:00.009,17391.31602363436
2025-07-31 16:00:00.000,17391.31602363436
2025-08-01 00:00:00.001,17391.31602363436
2025-08-01 08:00:00.003,17391.31602363436
2025-08-01 16:00:00.000,17391.31602363436
2025-08-02 00:00:00.004,17391.31602363436
2025-08-02 08:00:00.000,17391.31602363436
2025-08-02 16:00:00.000,17391.31602363436
2025-08-03 00:00:00.000,17391.31602363436
2025-08-03 08:00:00.000,17391.31602363436
2025-08-03 16:00:00.003,17391.31602363436
2025-08-04 00:00:00.004,17391.31602363436
2025-08-04 08:00:00.000,17391.31602363436
2025-08-04 16:00:00.002,17391.31602363436
2025-08-05 00:00:00.000,17391.31602363436
2025-08-05 08:00:00.000,17391.31602363436
2025-08-05 16:00:00.000,17391.31602363436
2025-08-06 00:00:00.005,17391.31602363436
2025-08-06 08:00:00.000,17391.31602363436
2025-08-06 16:00:00.000,17391.31602363436
2025-08-07 00:00:00.003,17391.31602363436
2025-08-07 08:00:00.002,17391.31602363436
2025-08-07 16:00:00.002,17391.31602363436
2025-08-08 00:00:00.002,17391.31602363436
2025-08-08 08:00:00.004,17391.31602363436
2025-08-08 16:00:00.000,17391.31602363436
2025-08-09 00:00:00.005,17391.31602363436
2025-08-09 08:00:00.000,17391.31602363436
2025-08-09 16:00:00.007,17391.31602363436
2025-08-10 00:00:00.003,17391.31602363436
2025-08-10 08:00:00.005,17391.31602363436
2025-08-10 16:00:00.002,17391.31602363436
2025-08-11 00:00:00.000,17391.31602363436
2025-08-11 08:00:00.000,17391.31602363436
2025-08-11 16:00:00.000,17391.31602363436
2025-08-12 00:00:00.000,17391.31602363436
2025-08-12 08:00:00.001,17391.31602363436
2025-08-12 16:00:00.005,17391.31602363436
2025-08-13 00:00:00.000,17391.31602363436
2025-08-13 08:00:00.002,17391.31602363436
2025-08-13 16:00:00.006,17391.31602363436
2025-08-14 00:00:00.002,17391.31602363436
2025-08-14 08:00:00.003,17391.31602363436
2025-08-14 16:00:00.000,17391.31602363436
2025-08-15 00:00:00.000,17391.31602363436
2025-08-15 08:00:00.000,17391.31602363436
2025-08-15 16:00:00.000,17391.31602363436
2025-08-16 00:00:00.004,17391.31602363436
2025-08-16 08:00:00.000,17391.31602363436
2025-08-16 16:00:00.002,17391.31602363436
2025-08-17 00:00:00.000,17391.31602363436
2025-08-17 08:00:00.001,17391.31602363436
2025-08-17 16:00:00.007,17391.31602363436
2025-08-18 00:00:00.000,17391.31602363436
2025-08-18 08:00:00.001,17391.31602363436
2025-08-18 16:00:00.002,17391.31602363436
2025-08-19 00:00:00.000,17391.31602363436
2025-08-19 08:00:00.001,17391.31602363436
2025-08-19 16:00:00.000,17391.31602363436
2025-08-20 00:00:00.000,17391.31602363436
2025-08-20 08:00:00.000,17391.31602363436
2025-08-20 16:00:00.000,17391.31602363436
2025-08-21 00:00:00.006,17391.31602363436
2025-08-21 08:00:00.000,17391.31602363436
2025-08-21 16:00:00.003,17391.31602363436
2025-08-22 00:00:00.010,17391.31602363436
2025-08-22 08:00:00.007,17391.31602363436
2025-08-22 16:00:00.001,17391.31602363436
2025-08-23 00:00:00.004,17391.31602363436
2025-08-23 08:00:00.006,17391.31602363436
2025-08-23 16:00:00.000,17391.31602363436
2025-08-24 00:00:00.001,17391.31602363436
2025-08-24 08:00:00.002,17391.31602363436
2025-08-24 16:00:00.001,17391.31602363436
2025-08-25 00:00:00.000,17391.31602363436
2025-08-25 08:00:00.002,17391.31602363436
2025-08-25 16:00:00.002,17391.31602363436
2025-08-26 00:00:00.000,17391.31602363436
2025-08-26 08:00:00.000,17391.31602363436
2025-08-26 16:00:00.000,17391.31602363436
2025-08-27 00:00:00.003,17391.31602363436
2025-08-27 08:00:00.000,17391.31602363436
2025-08-27 16:00:00.009,17391.31602363436
2025-08-28 00:00:00.000,17391.31602363436
2025-08-28 08:00:00.005,17391.31602363436
2025-08-28 16:00:00.004,17391.31602363436
2025-08-29 00:00:00.000,17391.31602363436
2025-08-29 08:00:00.000,17391.31602363436
2025-08-29 16:00:00.005,17391.31602363436
2025-08-30 00:00:00.000,17391.31602363436
2025-08-30 08:00:00.002,17391.31602363436
2025-08-30 16:00:00.003,17391.31602363436
2025-08-31 00:00:00.016,17391.31602363436
2025-08-31 08:00:00.000,17391.31602363436
2025-08-31 16:00:00.001,17391.31602363436
2025-09-01 00:00:00.000,17391.31602363436
2025-09-01 08:00:00.000,17391.31602363436
2025-09-01 16:00:00.001,17391.31602363436
2025-09-02 00:00:00.000,17391.31602363436
2025-09-02 08:00:00.005,17391.31602363436
2025-09-02 16:00:00.007,17391.31602363436
2025-09-03 00:00:00.006,17391.31602363436
2025-09-03 08:00:00.002,17391.31602363436
2025-09-03 16:00:00.002,17391.31602363436
2025-09-04 00:00:00.002,17391.31602363436
2025-09-04 08:00:00.000,17391.31602363436
2025-09-04 16:00:00.000,17391.31602363436
2025-09-05 00:00:00.001,17391.31602363436
2025-09-05 08:00:00.006,17391.31602363436
2025-09-05 16:00:00.000,17391.31602363436
2025-09-06 00:00:00.000,17391.31602363436
2025-09-06 08:00:00.005,17391.31602363436
2025-09-06 16:00:00.000,17391.31602363436
2025-09-07 00:00:00.000,17391.31602363436
2025-09-07 08:00:00.000,17391.31602363436
2025-09-07 16:00:00.000,17391.31602363436
2025-09-08 00:00:00.007,17391.31602363436
2025-09-08 08:00:00.000,17391.31602363436
2025-09-08 16:00:00.000,17391.31602363436
2025-09-09 00:00:00.000,17391.31602363436
2025-09-09 08:00:00.000,17391.31602363436
2025-09-09 16:00:00.000,17391.31602363436
2025-09-10 00:00:00.000,17391.31602363436
2025-09-10 08:00:00.002,17391.31602363436
2025-09-10 16:00:00.000,17391.31602363436
2025-09-11 00:00:00.000,17391.31602363436
2025-09-11 08:00:00.000,17391.31602363436
2025-09-11 16:00:00.001,17391.31602363436
2025-09-12 00:00:00.002,17391.31602363436
2025-09-12 08:00:00.001,17391.31602363436
2025-09-12 16:00:00.005,17391.31602363436
2025-09-13 00:00:00.005,17391.31602363436
2025-09-13 08:00:00.002,17391.31602363436
2025-09-13 16:00:00.000,17391.31602363436
2025-09-14 00:00:00.006,17391.31602363436
2025-09-14 08:00:00.000,17391.31602363436
2025-09-14 16:00:00.001,17391.31602363436
2025-09-15 00:00:00.006,17391.31602363436
2025-09-15 08:00:00.002,17391.31602363436
2025-09-15 16:00:00.001,17391.31602363436
2025-09-16 00:00:00.001,17391.31602363436
2025-09-16 08:00:00.000,17391.31602363436
2025-09-16 16:00:00.000,17391.31602363436
2025-09-17 00:00:00.001,17391.31602363436
2025-09-17 08:00:00.000,17391.31602363436
2025-09-17 16:00:00.003,17391.31602363436
2025-09-18 00:00:00.006,17391.31602363436
2025-09-18 08:00:00.002,17391.31602363436
2025-09-18 16:00:00.000,17391.31602363436
2025-09-19 00:00:00.000,17391.31602363436
2025-09-19 08:00:00.005,17391.31602363436
2025-09-19 16:00:00.000,17391.31602363436
2025-09-20 00:00:00.000,17391.31602363436
2025-09-20 08:00:00.000,17391.31602363436
2025-09-20 16:00:00.002,17391.31602363436
2025-09-21 00:00:00.000,17391.31602363436
2025-09-21 08:00:00.000,17391.31602363436
2025-09-21 16:00:00.000,17391.31602363436
2025-09-22 00:00:00.005,17391.31602363436
2025-09-22 08:00:00.003,16922.65072558213
2025-09-22 16:00:00.000,16922.65072558213
2025-09-23 00:00:00.000,16922.65072558213
2025-09-23 08:00:00.001,16922.65072558213
2025-09-23 16:00:00.000,16922.65072558213
2025-09-24 00:00:00.003,16922.65072558213
2025-09-24 08:00:00.001,16922.65072558213
2025-09-24 16:00:00.002,16922.65072558213
2025-09-25 00:00:00.000,16922.65072558213
2025-09-25 08:00:00.001,16922.65072558213
2025-09-25 16:00:00.000,16922.65072558213
2025-09-26 00:00:00.000,16922.65072558213
2025-09-26 08:00:00.000,16922.65072558213
2025-09-26 16:00:00.008,16922.65072558213
2025-09-27 00:00:00.000,16922.65072558213
2025-09-27 08:00:00.010,16922.65072558213
2025-09-27 16:00:00.003,16922.65072558213
2025-09-28 00:00:00.000,16922.65072558213
2025-09-28 08:00:00.000,16922.65072558213
2025-09-28 16:00:00.000,16922.65072558213
2025-09-29 00:00:00.000,16922.65072558213
2025-09-29 08:00:00.002,16922.65072558213
2025-09-29 16:00:00.001,16922.65072558213
2025-09-30 00:00:00.002,16922.65072558213
2025-09-30 08:00:00.005,16922.65072558213
2025-09-30 16:00:00.000,16922.65072558213
2025-10-01 00:00:00.000,16922.65072558213
2025-10-01 08:00:00.000,16922.65072558213
2025-10-01 16:00:00.000,16922.65072558213
2025-10-02 00:00:00.000,16922.65072558213
2025-10-02 08:00:00.013,16922.65072558213
2025-10-02 16:00:00.000,16922.65072558213
2025-10-03 00:00:00.006,16922.65072558213
2025-10-03 08:00:00.006,16922.65072558213
2025-10-03 16:00:00.000,16922.65072558213
2025-10-04 00:00:00.001,16922.65072558213
2025-10-04 08:00:00.000,16922.65072558213
2025-10-04 16:00:00.000,16922.65072558213
2025-10-05 00:00:00.000,16922.65072558213
2025-10-05 08:00:00.003,16922.65072558213
2025-10-05 16:00:00.009,16922.65072558213
2025-10-06 00:00:00.004,16922.65072558213
2025-10-06 08:00:00.002,16922.65072558213
2025-10-06 16:00:00.004,16922.65072558213
2025-10-07 00:00:00.000,16922.65072558213
2025-10-07 08:00:00.003,16922.65072558213
2025-10-07 16:00:00.000,16922.65072558213
2025-10-08 00:00:00.000,16922.65072558213
2025-10-08 08:00:00.006,16922.65072558213
2025-10-08 16:00:00.002,16922.65072558213
2025-10-09 00:00:00.001,16922.65072558213
2025-10-09 08:00:00.000,16922.65072558213
2025-10-09 16:00:00.000,16922.65072558213
2025-10-10 00:00:00.005,16922.65072558213
2025-10-10 08:00:00.002,16922.65072558213
2025-10-10 16:00:00.014,16922.65072558213
2025-10-11 00:00:00.000,16922.65072558213
2025-10-11 08:00:00.003,16922.65072558213
2025-10-11 16:00:00.000,16922.65072558213
2025-10-12 00:00:00.004,16922.65072558213
2025-10-12 08:00:00.002,16922.65072558213
2025-10-12 16:00:00.000,16922.65072558213
2025-10-13 00:00:00.003,16922.65072558213
2025-10-13 08:00:00.002,17330.343304983147
2025-10-13 16:00:00.003,17330.343304983147
2025-10-14 00:00:00.000,17330.343304983147
2025-10-14 08:00:00.000,17330.343304983147
2025-10-14 16:00:00.000,17330.343304983147
2025-10-15 00:00:00.006,16923.429517985893
2025-10-15 08:00:00.002,16923.429517985893
2025-10-15 16:00:00.000,16923.429517985893
2025-10-16 00:00:00.000,16923.429517985893
2025-10-16 08:00:00.003,16923.429517985893
2025-10-16 16:00:00.002,16923.429517985893
2025-10-17 00:00:00.001,16923.429517985893
2025-10-17 08:00:00.005,16329.504519796661
2025-10-17 16:00:00.003,16329.504519796661
2025-10-18 00:00:00.000,16329.504519796661
2025-10-18 08:00:00.002,16329.504519796661
2025-10-18 16:00:00.001,16329.504519796661
2025-10-19 00:00:00.001,16329.504519796661
2025-10-19 08:00:00.001,16585.919856737983
2025-10-19 16:00:00.001,16585.919856737983
2025-10-20 00:00:00.004,16585.919856737983
2025-10-20 08:00:00.001,16585.919856737983
2025-10-20 16:00:00.000,16585.919856737983
2025-10-21 00:00:00.009,16585.919856737983
2025-10-21 08:00:00.000,16902.018896509748
2025-10-21 16:00:00.000,16902.018896509748
2025-10-22 00:00:00.004,16902.018896509748
2025-10-22 08:00:00.000,16902.018896509748
2025-10-22 16:00:00.000,16902.018896509748
2025-10-23 00:00:00.000,17037.315581218263
2025-10-23 08:00:00.001,17037.315581218263
2025-10-23 16:00:00.004,17037.315581218263
2025-10-24 00:00:00.000,17037.315581218263
2025-10-24 08:00:00.000,17037.315581218263
2025-10-24 16:00:00.009,17037.315581218263
2025-10-25 00:00:00.000,17037.315581218263
2025-10-25 08:00:00.001,17037.315581218263
2025-10-25 16:00:00.001,17037.315581218263
2025-10-26 00:00:00.001,17037.315581218263
2025-10-26 08:00:00.001,17037.315581218263
2025-10-26 16:00:00.000,17037.315581218263
2025-10-27 00:00:00.000,17037.315581218263
2025-10-27 08:00:00.005,17037.315581218263
2025-10-27 16:00:00.000,17037.315581218263
2025-10-28 00:00:00.000,17037.315581218263
2025-10-28 08:00:00.000,17037.315581218263
2025-10-28 16:00:00.004,17037.315581218263
2025-10-29 00:00:00.004,17037.315581218263
2025-10-29 08:00:00.005,17037.315581218263
2025-10-29 16:00:00.000,17037.315581218263
2025-10-30 00:00:00.004,17037.315581218263
2025-10-30 08:00:00.008,17037.315581218263
2025-10-30 16:00:00.001,17037.315581218263
2025-10-31 00:00:00.000,17037.315581218263
2025-10-31 08:00:00.008,17037.315581218263
2025-10-31 16:00:00.007,17037.315581218263
2025-11-01 00:00:00.001,17037.315581218263
2025-11-01 08:00:00.000,17037.315581218263
2025-11-01 16:00:00.000,17037.315581218263
2025-11-02 00:00:00.007,17037.315581218263
2025-11-02 08:00:00.000,17037.315581218263
2025-11-02 16:00:00.001,17037.315581218263
2025-11-03 00:00:00.000,17037.315581218263
2025-11-03 08:00:00.010,17037.315581218263
2025-11-03 16:00:00.000,17037.315581218263
2025-11-04 00:00:00.002,17037.315581218263
2025-11-04 08:00:00.004,17037.315581218263
2025-11-04 16:00:00.000,17037.315581218263
2025-11-05 00:00:00.000,17037.315581218263
2025-11-05 08:00:00.000,17037.315581218263
2025-11-05 16:00:00.004,17037.315581218263
2025-11-06 00:00:00.001,17037.315581218263
2025-11-06 08:00:00.000,17037.315581218263
2025-11-06 16:00:00.001,17037.315581218263
2025-11-07 00:00:00.005,17037.315581218263
2025-11-07 08:00:00.003,17037.315581218263
2025-11-07 16:00:00.005,17037.315581218263
2025-11-08 00:00:00.011,17037.315581218263
2025-11-08 08:00:00.015,17037.315581218263
2025-11-08 16:00:00.001,17037.315581218263
2025-11-09 00:00:00.004,17037.315581218263
2025-11-09 08:00:00.000,17037.315581218263
2025-11-09 16:00:00.005,17037.315581218263
2025-11-10 00:00:00.000,17037.315581218263
2025-11-10 08:00:00.000,17037.315581218263
2025-11-10 16:00:00.003,17037.315581218263
2025-11-11 00:00:00.007,17037.315581218263
2025-11-11 08:00:00.000,17037.315581218263
2025-11-11 16:00:00.009,17037.315581218263
2025-11-12 00:00:00.000,17037.315581218263
2025-11-12 08:00:00.002,17037.315581218263
2025-11-12 16:00:00.000,16721.86181804594
2025-11-13 00:00:00.002,16721.86181804594
2025-11-13 08:00:00.000,16721.86181804594
2025-11-13 16:00:00.001,16721.86181804594
2025-11-14 00:00:00.000,16721.86181804594
2025-11-14 08:00:00.000,16721.86181804594
2025-11-14 16:00:00.001,16721.86181804594
2025-11-15 00:00:00.005,16721.86181804594
2025-11-15 08:00:00.000,16721.86181804594
2025-11-15 16:00:00.001,16721.86181804594
2025-11-16 00:00:00.001,16721.86181804594
2025-11-16 08:00:00.000,16721.86181804594
2025-11-16 16:00:00.000,16721.86181804594
2025-11-17 00:00:00.003,16721.86181804594
2025-11-17 08:00:00.003,16721.86181804594
2025-11-17 16:00:00.000,16721.86181804594
2025-11-18 00:00:00.002,16721.86181804594
2025-11-18 08:00:00.004,16721.86181804594
2025-11-18 16:00:00.000,16721.86181804594
2025-11-19 00:00:00.000,16721.86181804594
2025-11-19 08:00:00.000,16721.86181804594
2025-11-19 16:00:00.008,16721.86181804594
2025-11-20 00:00:00.000,16721.86181804594
2025-11-20 08:00:00.000,16721.86181804594
2025-11-20 16:00:00.000,16721.86181804594
2025-11-21 00:00:00.001,16721.86181804594
2025-11-21 08:00:00.000,16721.86181804594
2025-11-21 16:00:00.001,16721.86181804594
2025-11-22 00:00:00.004,16721.86181804594
2025-11-22 08:00:00.000,16721.86181804594
2025-11-22 16:00:00.000,16721.86181804594
2025-11-23 00:00:00.000,16721.86181804594
2025-11-23 08:00:00.008,16721.86181804594
2025-11-23 16:00:00.003,16721.86181804594
2025-11-24 00:00:00.004,16721.86181804594
2025-11-24 08:00:00.000,16721.86181804594
2025-11-24 16:00:00.006,16721.86181804594
2025-11-25 00:00:00.000,16721.86181804594
2025-11-25 08:00:00.009,16721.86181804594
2025-11-25 16:00:00.007,16721.86181804594
2025-11-26 00:00:00.001,16721.86181804594
2025-11-26 08:00:00.001,16621.685879376946
2025-11-26 16:00:00.000,16621.685879376946
2025-11-27 00:00:00.013,16621.685879376946
2025-11-27 08:00:00.000,16621.685879376946
2025-11-27 16:00:00.004,16621.685879376946
2025-11-28 00:00:00.008,16621.685879376946
2025-11-28 08:00:00.000,16775.8086457257
2025-11-28 16:00:00.008,16775.8086457257
2025-11-29 00:00:00.000,16775.8086457257
2025-11-29 08:00:00.005,16775.8086457257
2025-11-29 16:00:00.001,16775.8086457257
2025-11-30 00:00:00.003,16775.8086457257
2025-11-30 08:00:00.000,16922.559323590514
2025-11-30 16:00:00.004,16922.559323590514
2025-12-01 00:00:00.000,16922.559323590514
2025-12-01 08:00:00.004,16922.559323590514
2025-12-01 16:00:00.000,16922.559323590514
2025-12-02 00:00:00.004,16922.559323590514
2025-12-02 08:00:00.000,16922.559323590514
2025-12-02 16:00:00.000,16922.559323590514
2025-12-03 00:00:00.000,16922.559323590514
2025-12-03 08:00:00.000,16922.559323590514
2025-12-03 16:00:00.005,16922.559323590514
2025-12-04 00:00:00.012,16922.559323590514
2025-12-04 08:00:00.000,16922.559323590514
2025-12-04 16:00:00.011,16922.559323590514
2025-12-05 00:00:00.000,16922.559323590514
2025-12-05 08:00:00.000,16922.559323590514
2025-12-05 16:00:00.010,16922.559323590514
2025-12-06 00:00:00.001,16922.559323590514
2025-12-06 08:00:00.001,16922.559323590514
2025-12-06 16:00:00.008,16922.559323590514
2025-12-07 00:00:00.000,16922.559323590514
2025-12-07 08:00:00.004,16922.559323590514
2025-12-07 16:00:00.000,16922.559323590514
2025-12-08 00:00:00.000,16922.559323590514
2025-12-08 08:00:00.000,16922.559323590514
2025-12-08 16:00:00.001,16922.559323590514
2025-12-09 00:00:00.001,16922.559323590514
2025-12-09 08:00:00.001,16922.559323590514
2025-12-09 16:00:00.007,16922.559323590514
2025-12-10 00:00:00.007,16922.559323590514
2025-12-10 08:00:00.002,16922.559323590514
2025-12-10 16:00:00.012,16922.559323590514
2025-12-11 00:00:00.001,16922.559323590514
2025-12-11 08:00:00.000,16922.559323590514
2025-12-11 16:00:00.000,16922.559323590514
2025-12-12 00:00:00.005,16922.559323590514
2025-12-12 08:00:00.007,16922.559323590514
2025-12-12 16:00:00.002,16922.559323590514
2025-12-13 00:00:00.001,16922.559323590514
2025-12-13 08:00:00.006,16922.559323590514
2025-12-13 16:00:00.000,16922.559323590514
2025-12-14 00:00:00.000,16922.559323590514
2025-12-14 08:00:00.003,16922.559323590514
2025-12-14 16:00:00.005,16922.559323590514
2025-12-15 00:00:00.000,16922.559323590514
2025-12-15 08:00:00.000,16922.559323590514
2025-12-15 16:00:00.000,16922.559323590514
2025-12-16 00:00:00.002,16922.559323590514
2025-12-16 08:00:00.000,16922.559323590514
2025-12-16 16:00:00.002,16922.559323590514
2025-12-17 00:00:00.004,16922.559323590514
2025-12-17 08:00:00.000,16922.559323590514
2025-12-17 16:00:00.000,16922.559323590514
2025-12-18 00:00:00.005,16922.559323590514
2025-12-18 08:00:00.007,16922.559323590514
2025-12-18 16:00:00.001,16922.559323590514
2025-12-19 00:00:00.000,16922.559323590514
2025-12-19 08:00:00.001,16922.559323590514
2025-12-19 16:00:00.000,16922.559323590514
2025-12-20 00:00:00.005,16922.559323590514
2025-12-20 08:00:00.000,16922.559323590514
2025-12-20 16:00:00.002,16922.559323590514
2025-12-21 00:00:00.000,16922.559323590514
2025-12-21 08:00:00.009,16922.559323590514
2025-12-21 16:00:00.000,16922.559323590514
2025-12-22 00:00:00.000,16922.559323590514
2025-12-22 08:00:00.005,16922.559323590514
2025-12-22 16:00:00.009,16922.559323590514
2025-12-23 00:00:00.000,16922.559323590514
2025-12-23 08:00:00.000,16922.559323590514
2025-12-23 16:00:00.001,16922.559323590514
2025-12-24 00:00:00.001,16922.559323590514
2025-12-24 08:00:00.001,16922.559323590514
2025-12-24 16:00:00.000,16922.559323590514
2025-12-25 00:00:00.000,16922.559323590514
2025-12-25 08:00:00.001,16922.559323590514
2025-12-25 16:00:00.005,16922.559323590514
2025-12-26 00:00:00.004,16922.559323590514
2025-12-26 08:00:00.001,16922.559323590514
2025-12-26 16:00:00.007,16922.559323590514
2025-12-27 00:00:00.000,16922.559323590514
2025-12-27 08:00:00.000,16922.559323590514
2025-12-27 16:00:00.011,16922.559323590514
2025-12-28 00:00:00.008,16922.559323590514
2025-12-28 08:00:00.000,16922.559323590514
2025-12-28 16:00:00.000,16922.559323590514
2025-12-29 00:00:00.016,16922.559323590514
2025-12-29 08:00:00.001,16922.559323590514
2025-12-29 16:00:00.000,16922.559323590514
2025-12-30 00:00:00.005,16922.559323590514
2025-12-30 08:00:00.001,16922.559323590514
2025-12-30 16:00:00.003,16922.559323590514
2025-12-31 00:00:00.004,16922.559323590514
2025-12-31 08:00:00.001,16922.559323590514
2025-12-31 16:00:00.001,16922.559323590514
2026-01-01 00:00:00.008,16922.559323590514
2026-01-01 08:00:00.002,16922.559323590514
2026-01-01 16:00:00.001,16922.559323590514
2026-01-02 00:00:00.006,16922.559323590514
2026-01-02 08:00:00.007,16922.559323590514
2026-01-02 16:00:00.000,16922.559323590514
2026-01-03 00:00:00.001,16922.559323590514
2026-01-03 08:00:00.000,16922.559323590514
2026-01-03 16:00:00.000,16922.559323590514
2026-01-04 00:00:00.000,16922.559323590514
2026-01-04 08:00:00.000,16922.559323590514
2026-01-04 16:00:00.001,16922.559323590514
2026-01-05 00:00:00.000,16922.559323590514
2026-01-05 08:00:00.000,16922.559323590514
2026-01-05 16:00:00.000,16922.559323590514
2026-01-06 00:00:00.010,16922.559323590514
2026-01-06 08:00:00.000,16922.559323590514
2026-01-06 16:00:00.000,16922.559323590514
2026-01-07 00:00:00.001,16922.559323590514
2026-01-07 08:00:00.001,16922.559323590514
2026-01-07 16:00:00.001,16922.559323590514
2026-01-08 00:00:00.001,16922.559323590514
2026-01-08 08:00:00.000,16922.559323590514
2026-01-08 16:00:00.000,16922.559323590514
2026-01-09 00:00:00.003,16922.559323590514
2026-01-09 08:00:00.000,16922.559323590514
2026-01-09 16:00:00.001,16922.559323590514
2026-01-10 00:00:00.000,16922.559323590514
2026-01-10 08:00:00.002,16888.95898033811
2026-01-10 16:00:00.001,16888.95898033811
2026-01-11 00:00:00.003,16888.95898033811
2026-01-11 08:00:00.006,16888.95898033811
2026-01-11 16:00:00.000,16888.95898033811
2026-01-12 00:00:00.005,16888.95898033811
2026-01-12 08:00:00.000,16888.95898033811
2026-01-12 16:00:00.000,16888.95898033811
2026-01-13 00:00:00.007,16888.95898033811
2026-01-13 08:00:00.009,16888.95898033811
2026-01-13 16:00:00.002,16888.95898033811
2026-01-14 00:00:00.000,16888.95898033811
2026-01-14 08:00:00.001,16888.95898033811
2026-01-14 16:00:00.004,16888.95898033811
2026-01-15 00:00:00.000,16888.95898033811
2026-01-15 08:00:00.004,16888.95898033811
2026-01-15 16:00:00.002,16888.95898033811
2026-01-16 00:00:00.000,16888.95898033811
2026-01-16 08:00:00.000,16888.95898033811
2026-01-16 16:00:00.001,16888.95898033811
2026-01-17 00:00:00.000,16888.95898033811
2026-01-17 08:00:00.000,16888.95898033811
2026-01-17 16:00:00.002,16888.95898033811
2026-01-18 00:00:00.001,16888.95898033811
2026-01-18 08:00:00.000,16888.95898033811
2026-01-18 16:00:00.000,16888.95898033811
2026-01-19 00:00:00.007,16888.95898033811
2026-01-19 08:00:00.007,16888.95898033811
2026-01-19 16:00:00.007,16888.95898033811
2026-01-20 00:00:00.005,16888.95898033811
2026-01-20 08:00:00.001,16888.95898033811
2026-01-20 16:00:00.009,16888.95898033811
2026-01-21 00:00:00.001,16888.95898033811
2026-01-21 08:00:00.011,16888.95898033811
2026-01-21 16:00:00.011,16888.95898033811
2026-01-22 00:00:00.010,16888.95898033811
2026-01-22 08:00:00.003,16888.95898033811
2026-01-22 16:00:00.005,16888.95898033811
2026-01-23 00:00:00.005,16888.95898033811
2026-01-23 08:00:00.000,16888.95898033811
2026-01-23 16:00:00.011,16888.95898033811
2026-01-24 00:00:00.011,16888.95898033811
2026-01-24 08:00:00.002,16888.95898033811
2026-01-24 16:00:00.001,16888.95898033811
2026-01-25 00:00:00.002,16888.95898033811
2026-01-25 08:00:00.011,16888.95898033811
2026-01-25 16:00:00.005,16888.95898033811
2026-01-26 00:00:00.000,16888.95898033811
2026-01-26 08:00:00.003,16888.95898033811
2026-01-26 16:00:00.000,16888.95898033811
2026-01-27 00:00:00.002,16888.95898033811
2026-01-27 08:00:00.000,16888.95898033811
2026-01-27 16:00:00.000,16888.95898033811
2026-01-28 00:00:00.000,16888.95898033811
2026-01-28 08:00:00.000,16888.95898033811
2026-01-28 16:00:00.000,16888.95898033811
2026-01-29 00:00:00.000,16888.95898033811
2026-01-29 08:00:00.009,16888.95898033811
2026-01-29 16:00:00.000,16888.95898033811
2026-01-30 00:00:00.008,16888.95898033811
2026-01-30 08:00:00.000,16888.95898033811
2026-01-30 16:00:00.001,16888.95898033811
2026-01-31 00:00:00.000,16888.95898033811
2026-01-31 08:00:00.001,16888.95898033811
2026-01-31 16:00:00.009,16888.95898033811
2026-02-01 00:00:00.001,16888.95898033811
2026-02-01 08:00:00.004,16888.95898033811
2026-02-01 16:00:00.000,16888.95898033811
2026-02-02 00:00:00.000,16888.95898033811
2026-02-02 08:00:00.014,16975.53324592604
2026-02-02 16:00:00.000,16975.53324592604
2026-02-03 00:00:00.000,16975.53324592604
2026-02-03 08:00:00.007,16975.53324592604
2026-02-03 16:00:00.000,16975.53324592604
2026-02-04 00:00:00.002,16481.04028226194
2026-02-04 08:00:00.007,16481.04028226194
2026-02-04 16:00:00.000,16481.04028226194
2026-02-05 00:00:00.011,16481.04028226194
2026-02-05 08:00:00.000,16481.04028226194
2026-02-05 16:00:00.007,16481.04028226194
2026-02-06 00:00:00.000,16481.04028226194
2026-02-06 08:00:00.001,16481.04028226194
2026-02-06 16:00:00.000,16481.04028226194
2026-02-07 00:00:00.003,17823.13923976543
2026-02-07 08:00:00.000,17823.13923976543
2026-02-07 16:00:00.010,17823.13923976543
2026-02-08 00:00:00.003,17823.13923976543
2026-02-08 08:00:00.000,17823.13923976543
2026-02-08 16:00:00.000,18105.969297601085
2026-02-09 00:00:00.002,18105.969297601085
2026-02-09 08:00:00.001,18105.969297601085
2026-02-09 16:00:00.007,18105.969297601085
2026-02-10 00:00:00.000,18105.969297601085
2026-02-10 08:00:00.007,17794.12858094953
2026-02-10 16:00:00.000,17794.12858094953
2026-02-11 00:00:00.000,17794.12858094953
2026-02-11 08:00:00.006,17794.12858094953
2026-02-11 16:00:00.000,17794.12858094953
2026-02-12 00:00:00.000,17356.39433162576
2026-02-12 08:00:00.001,17356.39433162576
2026-02-12 16:00:00.001,17356.39433162576
2026-02-13 00:00:00.007,17356.39433162576
2026-02-13 08:00:00.003,17356.39433162576
2026-02-13 16:00:00.005,17356.39433162576
2026-02-14 00:00:00.002,17356.39433162576
2026-02-14 08:00:00.004,17356.39433162576
2026-02-14 16:00:00.002,17356.39433162576
2026-02-15 00:00:00.000,17356.39433162576
2026-02-15 08:00:00.002,17356.39433162576
2026-02-15 16:00:00.000,17356.39433162576
2026-02-16 00:00:00.001,17029.934498468498
2026-02-16 08:00:00.003,17029.934498468498
2026-02-16 16:00:00.000,17029.934498468498
2026-02-17 00:00:00.008,17029.934498468498
2026-02-17 08:00:00.001,17029.934498468498
2026-02-17 16:00:00.002,17005.437230772663
2026-02-18 00:00:00.000,17005.437230772663
2026-02-18 08:00:00.000,17005.437230772663
2026-02-18 16:00:00.011,17005.437230772663
2026-02-19 00:00:00.013,17005.437230772663
2026-02-19 08:00:00.000,17005.437230772663
2026-02-19 16:00:00.003,17005.437230772663
2026-02-20 00:00:00.000,17005.437230772663
2026-02-20 08:00:00.000,17081.381471589953
2026-02-20 16:00:00.000,17081.381471589953
2026-02-21 00:00:00.004,17081.381471589953
2026-02-21 08:00:00.000,17081.381471589953
2026-02-21 16:00:00.005,17081.381471589953
2026-02-22 00:00:00.001,17081.381471589953
2026-02-22 08:00:00.004,17081.381471589953
2026-02-22 16:00:00.000,17081.381471589953
2026-02-23 00:00:00.001,17081.381471589953
2026-02-23 08:00:00.000,17081.381471589953
2026-02-23 16:00:00.000,17081.381471589953
2026-02-24 00:00:00.007,17081.381471589953
2026-02-24 08:00:00.000,17081.381471589953
2026-02-24 16:00:00.001,16647.422678550225
2026-02-25 00:00:00.001,16647.422678550225
2026-02-25 08:00:00.007,16647.422678550225
2026-02-25 16:00:00.000,16647.422678550225
2026-02-26 00:00:00.000,16647.422678550225
2026-02-26 08:00:00.006,16647.422678550225
2026-02-26 16:00:00.002,16647.422678550225
2026-02-27 00:00:00.007,16647.422678550225
2026-02-27 08:00:00.000,16206.634283380119
2026-02-27 16:00:00.001,16206.634283380119
2026-02-28 00:00:00.000,16206.634283380119
2026-02-28 08:00:00.000,16206.634283380119
2026-02-28 16:00:00.004,16206.634283380119
2026-03-01 00:00:00.005,16206.634283380119
2026-03-01 08:00:00.000,16206.634283380119
2026-03-01 16:00:00.002,16427.999534105908
2026-03-02 00:00:00.001,16427.999534105908
2026-03-02 08:00:00.007,16427.999534105908
2026-03-02 16:00:00.000,16427.999534105908
2026-03-03 00:00:00.000,16427.999534105908
2026-03-03 08:00:00.000,16427.999534105908
2026-03-03 16:00:00.007,16222.821847136689
2026-03-04 00:00:00.001,16222.821847136689
2026-03-04 08:00:00.005,16222.821847136689
2026-03-04 16:00:00.000,16222.821847136689
2026-03-05 00:00:00.000,16222.821847136689
2026-03-05 08:00:00.000,16708.05866395638
2026-03-05 16:00:00.004,16708.05866395638
2026-03-06 00:00:00.001,16708.05866395638
2026-03-06 08:00:00.001,16708.05866395638
2026-03-06 16:00:00.004,16708.05866395638
2026-03-07 00:00:00.001,16708.05866395638
2026-03-07 08:00:00.012,16708.05866395638
2026-03-07 16:00:00.001,16389.685424173822
2026-03-08 00:00:00.001,16389.685424173822
2026-03-08 08:00:00.000,16389.685424173822
2026-03-08 16:00:00.002,16389.685424173822
2026-03-09 00:00:00.000,16389.685424173822
2026-03-09 08:00:00.004,16752.165202083754
2026-03-09 16:00:00.003,16752.165202083754
2026-03-10 00:00:00.012,16752.165202083754
2026-03-10 08:00:00.002,16752.165202083754
2026-03-10 16:00:00.001,16752.165202083754
2026-03-11 00:00:00.000,17036.21916146393
2026-03-11 08:00:00.007,17036.21916146393
2026-03-11 16:00:00.010,17036.21916146393
2026-03-12 00:00:00.000,17036.21916146393
2026-03-12 08:00:00.000,17036.21916146393
2026-03-12 16:00:00.000,17090.32597215451
2026-03-13 00:00:00.006,17090.32597215451
2026-03-13 08:00:00.001,17090.32597215451
2026-03-13 16:00:00.000,17090.32597215451
2026-03-14 00:00:00.001,17090.32597215451
2026-03-14 08:00:00.000,16827.189117753263
2026-03-14 16:00:00.007,16827.189117753263
2026-03-15 00:00:00.000,16827.189117753263
2026-03-15 08:00:00.000,16827.189117753263
2026-03-15 16:00:00.000,16827.189117753263
2026-03-16 00:00:00.000,17343.09146677048
2026-03-16 08:00:00.010,17343.09146677048
2026-03-16 16:00:00.000,17343.09146677048
2026-03-17 00:00:00.000,17343.09146677048
2026-03-17 08:00:00.002,17343.09146677048
2026-03-17 16:00:00.011,17343.09146677048
2026-03-18 00:00:00.002,17343.09146677048
2026-03-18 08:00:00.002,17343.09146677048
2026-03-18 16:00:00.005,16697.64716143917
2026-03-19 00:00:00.000,16697.64716143917
2026-03-19 08:00:00.003,16697.64716143917
2026-03-19 16:00:00.003,16697.64716143917
2026-03-20 00:00:00.002,16697.64716143917
2026-03-20 08:00:00.000,16697.64716143917
2026-03-20 16:00:00.000,16945.689327473494
2026-03-21 00:00:00.000,16945.689327473494
2026-03-21 08:00:00.000,16945.689327473494
2026-03-21 16:00:00.014,16945.689327473494
2026-03-22 00:00:00.012,16945.689327473494
2026-03-22 08:00:00.007,16945.689327473494
2026-03-22 16:00:00.002,16945.689327473494
2026-03-23 00:00:00.000,16945.689327473494
2026-03-23 08:00:00.003,16945.689327473494
2026-03-23 16:00:00.002,17433.802990272496
2026-03-24 00:00:00.000,17433.802990272496
2026-03-24 08:00:00.000,17433.802990272496
2026-03-24 16:00:00.003,17433.802990272496
2026-03-25 00:00:00.000,17433.802990272496
2026-03-25 08:00:00.000,17433.802990272496
2026-03-25 16:00:00.013,17433.802990272496
2026-03-26 00:00:00.001,17433.802990272496
2026-03-26 08:00:00.001,17433.802990272496
2026-03-26 16:00:00.000,17433.802990272496
2026-03-27 00:00:00.006,17433.802990272496
2026-03-27 08:00:00.000,17433.802990272496
2026-03-27 16:00:00.000,17433.802990272496
2026-03-28 00:00:00.005,16841.739832497824
2026-03-28 08:00:00.005,16841.739832497824
2026-03-28 16:00:00.000,16841.739832497824
2026-03-29 00:00:00.003,16841.739832497824
2026-03-29 08:00:00.001,16841.739832497824
2026-03-29 16:00:00.000,16572.331333908638
2026-03-30 00:00:00.000,16572.331333908638
2026-03-30 08:00:00.005,16572.331333908638
2026-03-30 16:00:00.000,16572.331333908638
2026-03-31 00:00:00.000,16572.331333908638
2026-03-31 08:00:00.000,16572.331333908638
2026-03-31 16:00:00.000,16572.331333908638
2026-04-01 00:00:00.000,16572.331333908638
2026-04-01 08:00:00.000,16572.331333908638
2026-04-01 16:00:00.000,16900.249818083943
2026-04-02 00:00:00.003,16900.249818083943
2026-04-02 08:00:00.001,16900.249818083943
2026-04-02 16:00:00.001,16900.249818083943
2026-04-03 00:00:00.000,16900.249818083943
2026-04-03 08:00:00.008,16900.249818083943
2026-04-03 16:00:00.008,16900.249818083943
2026-04-04 00:00:00.000,16912.010080514818
2026-04-04 08:00:00.003,16912.010080514818
2026-04-04 16:00:00.000,16912.010080514818
2026-04-05 00:00:00.008,16912.010080514818
2026-04-05 08:00:00.000,16912.010080514818
2026-04-05 16:00:00.001,16912.010080514818
2026-04-06 00:00:00.004,16912.010080514818
2026-04-06 08:00:00.001,16912.010080514818
2026-04-06 16:00:00.003,16912.010080514818
2026-04-07 00:00:00.000,16912.010080514818
2026-04-07 08:00:00.000,16912.010080514818
2026-04-07 16:00:00.000,16912.010080514818
2026-04-08 00:00:00.000,16912.010080514818
2026-04-08 08:00:00.000,16912.010080514818
2026-04-08 16:00:00.006,16912.010080514818
2026-04-09 00:00:00.000,16912.010080514818
2026-04-09 08:00:00.010,16912.010080514818
2026-04-09 16:00:00.001,16912.010080514818
2026-04-10 00:00:00.000,16912.010080514818
2026-04-10 08:00:00.005,16912.010080514818
2026-04-10 16:00:00.000,16912.010080514818
2026-04-11 00:00:00.000,17120.739561632636
2026-04-11 08:00:00.000,17120.739561632636
2026-04-11 16:00:00.003,17120.739561632636
2026-04-12 00:00:00.000,17120.739561632636
2026-04-12 08:00:00.000,17120.739561632636
2026-04-12 16:00:00.000,16608.41092965106
2026-04-13 00:00:00.011,16608.41092965106
2026-04-13 08:00:00.006,16608.41092965106
2026-04-13 16:00:00.000,16608.41092965106
2026-04-14 00:00:00.005,16608.41092965106
2026-04-14 08:00:00.003,16608.41092965106
2026-04-14 16:00:00.001,16608.41092965106
2026-04-15 00:00:00.000,16440.019055276858
2026-04-15 08:00:00.000,16440.019055276858
2026-04-15 16:00:00.000,16440.019055276858
2026-04-16 00:00:00.013,16440.019055276858
2026-04-16 08:00:00.000,16440.019055276858
2026-04-16 16:00:00.000,16715.25445814067
2026-04-17 00:00:00.001,16715.25445814067
2026-04-17 08:00:00.011,16715.25445814067
2026-04-17 16:00:00.001,16715.25445814067
2026-04-18 00:00:00.001,16715.25445814067
2026-04-18 08:00:00.006,16715.25445814067
2026-04-18 16:00:00.000,16715.25445814067
2026-04-19 00:00:00.002,16302.523342633714
2026-04-19 08:00:00.010,16302.523342633714
2026-04-19 16:00:00.001,16302.523342633714
2026-04-20 00:00:00.000,16302.523342633714
2026-04-20 08:00:00.000,16302.523342633714
2026-04-20 16:00:00.001,16282.435921308022
2026-04-21 00:00:00.000,16282.435921308022
2026-04-21 08:00:00.004,16282.435921308022
2026-04-21 16:00:00.004,16282.435921308022
2026-04-22 00:00:00.004,16282.435921308022
2026-04-22 08:00:00.000,16947.91759721079
2026-04-22 16:00:00.000,16947.91759721079
2026-04-23 00:00:00.000,16947.91759721079
2026-04-23 08:00:00.000,16947.91759721079
2026-04-23 16:00:00.004,16947.91759721079
2026-04-24 00:00:00.006,16947.91759721079
2026-04-24 08:00:00.000,16930.57861944656
2026-04-24 16:00:00.000,16930.57861944656
2026-04-25 00:00:00.000,16930.57861944656
2026-04-25 08:00:00.002,16930.57861944656
2026-04-25 16:00:00.002,16930.57861944656
2026-04-26 00:00:00.003,17059.38236159692
2026-04-26 08:00:00.007,17059.38236159692
2026-04-26 16:00:00.004,17059.38236159692
2026-04-27 00:00:00.004,17059.38236159692
2026-04-27 08:00:00.000,17059.38236159692
2026-04-27 16:00:00.002,17059.38236159692
2026-04-28 00:00:00.001,17059.38236159692
2026-04-28 08:00:00.000,17059.38236159692
2026-04-28 16:00:00.004,16939.66887927673
2026-04-29 00:00:00.006,16939.66887927673
2026-04-29 08:00:00.011,16939.66887927673
2026-04-29 16:00:00.003,16939.66887927673
2026-04-30 00:00:00.002,16939.66887927673
2026-04-30 08:00:00.000,16939.66887927673
2026-04-30 16:00:00.000,17015.654072524463
2026-05-01 00:00:00.000,17015.654072524463
2026-05-01 08:00:00.005,17015.654072524463
2026-05-01 16:00:00.000,17015.654072524463
2026-05-02 00:00:00.006,17015.654072524463
2026-05-02 08:00:00.000,17296.556203462045
2026-05-02 16:00:00.010,17296.556203462045
2026-05-03 00:00:00.005,17296.556203462045
2026-05-03 08:00:00.003,17296.556203462045
2026-05-03 16:00:00.000,17296.556203462045
2026-05-04 00:00:00.000,17501.522927839047
2026-05-04 08:00:00.000,17501.522927839047
2026-05-04 16:00:00.003,17501.522927839047
2026-05-05 00:00:00.000,17501.522927839047
2026-05-05 08:00:00.011,17501.522927839047
2026-05-05 16:00:00.000,17501.522927839047
2026-05-06 00:00:00.010,17814.468406040396
2026-05-06 08:00:00.000,17814.468406040396
2026-05-06 16:00:00.002,17814.468406040396
2026-05-07 00:00:00.000,17814.468406040396
2026-05-07 08:00:00.000,17814.468406040396
2026-05-07 16:00:00.004,17428.6116506735
2026-05-08 00:00:00.003,17428.6116506735
2026-05-08 08:00:00.002,17428.6116506735
2026-05-08 16:00:00.003,17428.6116506735
2026-05-09 00:00:00.000,17428.6116506735
2026-05-09 08:00:00.001,17597.933014806335
2026-05-09 16:00:00.002,17597.933014806335
2026-05-10 00:00:00.003,17597.933014806335
2026-05-10 08:00:00.000,17597.933014806335
2026-05-10 16:00:00.000,17597.933014806335
2026-05-11 00:00:00.000,17597.933014806335
2026-05-11 08:00:00.000,17597.933014806335
2026-05-11 16:00:00.000,17597.933014806335
2026-05-12 00:00:00.002,17597.933014806335
2026-05-12 08:00:00.008,17597.933014806335
2026-05-12 16:00:00.000,17597.933014806335
2026-05-13 00:00:00.010,17597.933014806335
2026-05-13 08:00:00.003,17597.933014806335
2026-05-13 16:00:00.001,17597.933014806335
2026-05-14 00:00:00.005,17597.933014806335
2026-05-14 08:00:00.000,17597.933014806335
2026-05-14 16:00:00.000,17597.933014806335
2026-05-15 00:00:00.000,17597.933014806335
