ts,equity
2023-02-09 16:00:00.001,10000.0
2023-02-10 00:00:00.012,9643.792105621798
2023-02-10 08:00:00.005,9643.792105621798
2023-02-10 16:00:00.020,9643.792105621798
2023-02-11 00:00:00.007,9643.792105621798
2023-02-11 08:00:00.002,9643.792105621798
2023-02-11 16:00:00.021,9643.792105621798
2023-02-12 00:00:00.004,9643.792105621798
2023-02-12 08:00:00.000,9643.792105621798
2023-02-12 16:00:00.002,9643.792105621798
2023-02-13 00:00:00.006,9643.792105621798
2023-02-13 08:00:00.008,9643.792105621798
2023-02-13 16:00:00.002,9643.792105621798
2023-02-14 00:00:00.013,9643.792105621798
2023-02-14 08:00:00.014,9676.767338987976
2023-02-14 16:00:00.016,9676.767338987976
2023-02-15 00:00:00.011,9676.767338987976
2023-02-15 08:00:00.000,9676.767338987976
2023-02-15 16:00:00.005,9676.767338987976
2023-02-16 00:00:00.019,9676.767338987976
2023-02-16 08:00:00.000,9676.767338987976
2023-02-16 16:00:00.001,9676.767338987976
2023-02-17 00:00:00.003,9676.767338987976
2023-02-17 08:00:00.016,9676.767338987976
2023-02-17 16:00:00.000,9676.767338987976
2023-02-18 00:00:00.011,9676.767338987976
2023-02-18 08:00:00.000,9676.767338987976
2023-02-18 16:00:00.007,9676.767338987976
2023-02-19 00:00:00.019,9742.815568953898
2023-02-19 08:00:00.005,9742.815568953898
2023-02-19 16:00:00.003,9742.815568953898
2023-02-20 00:00:00.006,9742.815568953898
2023-02-20 08:00:00.008,9742.815568953898
2023-02-20 16:00:00.006,9742.815568953898
2023-02-21 00:00:00.001,9742.815568953898
2023-02-21 08:00:00.004,9742.815568953898
2023-02-21 16:00:00.011,9742.815568953898
2023-02-22 00:00:00.009,9742.815568953898
2023-02-22 08:00:00.010,9742.815568953898
2023-02-22 16:00:00.000,9742.815568953898
2023-02-23 00:00:00.006,9742.815568953898
2023-02-23 08:00:00.005,9746.46771914775
2023-02-23 16:00:00.002,9746.46771914775
2023-02-24 00:00:00.015,9746.46771914775
2023-02-24 08:00:00.011,9746.46771914775
2023-02-24 16:00:00.014,9746.46771914775
2023-02-25 00:00:00.015,9746.46771914775
2023-02-25 08:00:00.015,9746.46771914775
2023-02-25 16:00:00.015,9746.46771914775
2023-02-26 00:00:00.007,9746.46771914775
2023-02-26 08:00:00.012,9746.46771914775
2023-02-26 16:00:00.000,9746.46771914775
2023-02-27 00:00:00.011,9746.46771914775
2023-02-27 08:00:00.003,9746.46771914775
2023-02-27 16:00:00.000,9630.292305346235
2023-02-28 00:00:00.011,9630.292305346235
2023-02-28 08:00:00.018,9630.292305346235
2023-02-28 16:00:00.005,9630.292305346235
2023-03-01 00:00:00.016,9630.292305346235
2023-03-01 08:00:00.000,9630.292305346235
2023-03-01 16:00:00.008,9630.292305346235
2023-03-02 00:00:00.009,9630.292305346235
2023-03-02 08:00:00.013,9630.292305346235
2023-03-02 16:00:00.000,9630.292305346235
2023-03-03 00:00:00.000,9630.292305346235
2023-03-03 08:00:00.013,9630.292305346235
2023-03-03 16:00:00.000,9630.292305346235
2023-03-04 00:00:00.001,9994.173989635443
2023-03-04 08:00:00.008,9994.173989635443
2023-03-04 16:00:00.012,9994.173989635443
2023-03-05 00:00:00.000,9994.173989635443
2023-03-05 08:00:00.000,9994.173989635443
2023-03-05 16:00:00.015,9994.173989635443
2023-03-06 00:00:00.007,9994.173989635443
2023-03-06 08:00:00.017,9994.173989635443
2023-03-06 16:00:00.000,9994.173989635443
2023-03-07 00:00:00.009,9994.173989635443
2023-03-07 08:00:00.016,9994.173989635443
2023-03-07 16:00:00.017,9994.173989635443
2023-03-08 00:00:00.000,9994.173989635443
2023-03-08 08:00:00.014,10061.746007838183
2023-03-08 16:00:00.021,10061.746007838183
2023-03-09 00:00:00.010,10061.746007838183
2023-03-09 08:00:00.013,10061.746007838183
2023-03-09 16:00:00.002,10061.746007838183
2023-03-10 00:00:00.000,10061.746007838183
2023-03-10 08:00:00.000,10061.746007838183
2023-03-10 16:00:00.005,10061.746007838183
2023-03-11 00:00:00.011,10061.746007838183
2023-03-11 08:00:00.003,10061.746007838183
2023-03-11 16:00:00.011,10061.746007838183
2023-03-12 00:00:00.001,10061.746007838183
2023-03-12 08:00:00.000,10061.746007838183
2023-03-12 16:00:00.005,10028.15340167339
2023-03-13 00:00:00.010,10028.15340167339
2023-03-13 08:00:00.018,10028.15340167339
2023-03-13 16:00:00.003,10028.15340167339
2023-03-14 00:00:00.010,10028.15340167339
2023-03-14 08:00:00.009,10028.15340167339
2023-03-14 16:00:00.010,10028.15340167339
2023-03-15 00:00:00.011,10028.15340167339
2023-03-15 08:00:00.000,10028.15340167339
2023-03-15 16:00:00.012,10028.15340167339
2023-03-16 00:00:00.004,10028.15340167339
2023-03-16 08:00:00.018,10028.15340167339
2023-03-16 16:00:00.005,10028.15340167339
2023-03-17 00:00:00.017,9813.709968465342
2023-03-17 08:00:00.010,9813.709968465342
2023-03-17 16:00:00.003,9813.709968465342
2023-03-18 00:00:00.012,9813.709968465342
2023-03-18 08:00:00.000,9813.709968465342
2023-03-18 16:00:00.016,9813.709968465342
2023-03-19 00:00:00.013,9813.709968465342
2023-03-19 08:00:00.024,9813.709968465342
2023-03-19 16:00:00.000,9813.709968465342
2023-03-20 00:00:00.005,9813.709968465342
2023-03-20 08:00:00.012,9813.709968465342
2023-03-20 16:00:00.015,9813.709968465342
2023-03-21 00:00:00.006,9813.709968465342
2023-03-21 08:00:00.004,10792.010297807916
2023-03-21 16:00:00.003,10792.010297807916
2023-03-22 00:00:00.000,10792.010297807916
2023-03-22 08:00:00.003,10792.010297807916
2023-03-22 16:00:00.000,10792.010297807916
2023-03-23 00:00:00.016,10792.010297807916
2023-03-23 08:00:00.001,10792.010297807916
2023-03-23 16:00:00.013,10792.010297807916
2023-03-24 00:00:00.013,10792.010297807916
2023-03-24 08:00:00.012,10792.010297807916
2023-03-24 16:00:00.027,10792.010297807916
2023-03-25 00:00:00.015,10792.010297807916
2023-03-25 08:00:00.011,10792.010297807916
2023-03-25 16:00:00.011,10632.428379341954
2023-03-26 00:00:00.000,10632.428379341954
2023-03-26 08:00:00.015,10632.428379341954
2023-03-26 16:00:00.000,10632.428379341954
2023-03-27 00:00:00.019,10632.428379341954
2023-03-27 08:00:00.009,10632.428379341954
2023-03-27 16:00:00.000,10632.428379341954
2023-03-28 00:00:00.007,10632.428379341954
2023-03-28 08:00:00.000,10632.428379341954
2023-03-28 16:00:00.013,10632.428379341954
2023-03-29 00:00:00.010,10632.428379341954
2023-03-29 08:00:00.006,10632.428379341954
2023-03-29 16:00:00.014,10632.428379341954
2023-03-30 00:00:00.000,10840.566155383784
2023-03-30 08:00:00.000,10840.566155383784
2023-03-30 16:00:00.006,10840.566155383784
2023-03-31 00:00:00.003,10840.566155383784
2023-03-31 08:00:00.006,10840.566155383784
2023-03-31 16:00:00.011,10840.566155383784
2023-04-01 00:00:00.000,10840.566155383784
2023-04-01 08:00:00.000,10840.566155383784
2023-04-01 16:00:00.018,10840.566155383784
2023-04-02 00:00:00.013,10840.566155383784
2023-04-02 08:00:00.014,10840.566155383784
2023-04-02 16:00:00.001,10840.566155383784
2023-04-03 00:00:00.000,10840.566155383784
2023-04-03 08:00:00.013,10824.527198428694
2023-04-03 16:00:00.011,10824.527198428694
2023-04-04 00:00:00.002,10824.527198428694
2023-04-04 08:00:00.017,10824.527198428694
2023-04-04 16:00:00.008,10824.527198428694
2023-04-05 00:00:00.000,10824.527198428694
2023-04-05 08:00:00.016,10824.527198428694
2023-04-05 16:00:00.004,10824.527198428694
2023-04-06 00:00:00.000,10824.527198428694
2023-04-06 08:00:00.011,10824.527198428694
2023-04-06 16:00:00.000,10824.527198428694
2023-04-07 00:00:00.006,10824.527198428694
2023-04-07 08:00:00.005,10824.527198428694
2023-04-07 16:00:00.000,11390.734285216027
2023-04-08 00:00:00.000,11390.734285216027
2023-04-08 08:00:00.014,11390.734285216027
2023-04-08 16:00:00.018,11390.734285216027
2023-04-09 00:00:00.013,11390.734285216027
2023-04-09 08:00:00.024,11390.734285216027
2023-04-09 16:00:00.010,11390.734285216027
2023-04-10 00:00:00.000,11390.734285216027
2023-04-10 08:00:00.010,11390.734285216027
2023-04-10 16:00:00.006,11390.734285216027
2023-04-11 00:00:00.008,11390.734285216027
2023-04-11 08:00:00.007,11390.734285216027
2023-04-11 16:00:00.016,11390.734285216027
2023-04-12 00:00:00.006,10966.627776797272
2023-04-12 08:00:00.008,10966.627776797272
2023-04-12 16:00:00.014,10966.627776797272
2023-04-13 00:00:00.027,10966.627776797272
2023-04-13 08:00:00.010,10966.627776797272
2023-04-13 16:00:00.000,10966.627776797272
2023-04-14 00:00:00.001,10966.627776797272
2023-04-14 08:00:00.008,10966.627776797272
2023-04-14 16:00:00.007,10966.627776797272
2023-04-15 00:00:00.007,10966.627776797272
2023-04-15 08:00:00.007,10966.627776797272
2023-04-15 16:00:00.011,10966.627776797272
2023-04-16 00:00:00.014,10966.627776797272
2023-04-16 08:00:00.007,10999.792325002352
2023-04-16 16:00:00.002,10999.792325002352
2023-04-17 00:00:00.017,10999.792325002352
2023-04-17 08:00:00.006,10999.792325002352
2023-04-17 16:00:00.000,10999.792325002352
2023-04-18 00:00:00.013,10999.792325002352
2023-04-18 08:00:00.017,10999.792325002352
2023-04-18 16:00:00.000,10999.792325002352
2023-04-19 00:00:00.022,10999.792325002352
2023-04-19 08:00:00.014,10999.792325002352
2023-04-19 16:00:00.000,10999.792325002352
2023-04-20 00:00:00.010,10999.792325002352
2023-04-20 08:00:00.012,10999.792325002352
2023-04-20 16:00:00.012,10672.747943929087
2023-04-21 00:00:00.009,10672.747943929087
2023-04-21 08:00:00.009,10672.747943929087
2023-04-21 16:00:00.003,10672.747943929087
2023-04-22 00:00:00.000,10672.747943929087
2023-04-22 08:00:00.000,10672.747943929087
2023-04-22 16:00:00.016,10672.747943929087
2023-04-23 00:00:00.009,10672.747943929087
2023-04-23 08:00:00.020,10672.747943929087
2023-04-23 16:00:00.007,10672.747943929087
2023-04-24 00:00:00.000,10672.747943929087
2023-04-24 08:00:00.008,10672.747943929087
2023-04-24 16:00:00.006,10672.747943929087
2023-04-25 00:00:00.014,10672.747943929087
2023-04-25 08:00:00.009,10542.708377488609
2023-04-25 16:00:00.015,10542.708377488609
2023-04-26 00:00:00.015,10542.708377488609
2023-04-26 08:00:00.013,10542.708377488609
2023-04-26 16:00:00.001,10542.708377488609
2023-04-27 00:00:00.014,10542.708377488609
2023-04-27 08:00:00.008,10542.708377488609
2023-04-27 16:00:00.005,10542.708377488609
2023-04-28 00:00:00.011,10542.708377488609
2023-04-28 08:00:00.007,10542.708377488609
2023-04-28 16:00:00.006,10542.708377488609
2023-04-29 00:00:00.004,10542.708377488609
2023-04-29 08:00:00.016,10542.708377488609
2023-04-29 16:00:00.001,10691.16852178917
2023-04-30 00:00:00.008,10691.16852178917
2023-04-30 08:00:00.000,10691.16852178917
2023-04-30 16:00:00.010,10691.16852178917
2023-05-01 00:00:00.004,10691.16852178917
2023-05-01 08:00:00.008,10691.16852178917
2023-05-01 16:00:00.014,10691.16852178917
2023-05-02 00:00:00.015,10691.16852178917
2023-05-02 08:00:00.018,10691.16852178917
2023-05-02 16:00:00.000,10691.16852178917
2023-05-03 00:00:00.009,10691.16852178917
2023-05-03 08:00:00.003,10691.16852178917
2023-05-03 16:00:00.011,10691.16852178917
2023-05-04 00:00:00.000,10676.510252425875
2023-05-04 08:00:00.000,10676.510252425875
2023-05-04 16:00:00.011,10676.510252425875
2023-05-05 00:00:00.002,10676.510252425875
2023-05-05 08:00:00.000,10676.510252425875
2023-05-05 16:00:00.000,10676.510252425875
2023-05-06 00:00:00.009,10676.510252425875
2023-05-06 08:00:00.000,10676.510252425875
2023-05-06 16:00:00.000,10676.510252425875
2023-05-07 00:00:00.000,10676.510252425875
2023-05-07 08:00:00.000,10676.510252425875
2023-05-07 16:00:00.006,10676.510252425875
2023-05-08 00:00:00.000,10676.510252425875
2023-05-08 08:00:00.007,10112.7572349863
2023-05-08 16:00:00.015,10112.7572349863
2023-05-09 00:00:00.015,10112.7572349863
2023-05-09 08:00:00.000,10112.7572349863
2023-05-09 16:00:00.000,10112.7572349863
2023-05-10 00:00:00.007,10112.7572349863
2023-05-10 08:00:00.003,10112.7572349863
2023-05-10 16:00:00.000,10112.7572349863
2023-05-11 00:00:00.011,10112.7572349863
2023-05-11 08:00:00.000,10112.7572349863
2023-05-11 16:00:00.005,10112.7572349863
2023-05-12 00:00:00.020,10112.7572349863
2023-05-12 08:00:00.001,10112.7572349863
2023-05-12 16:00:00.010,10048.286581926657
2023-05-13 00:00:00.000,10048.286581926657
2023-05-13 08:00:00.000,10048.286581926657
2023-05-13 16:00:00.026,10048.286581926657
2023-05-14 00:00:00.029,10048.286581926657
2023-05-14 08:00:00.010,10048.286581926657
2023-05-14 16:00:00.008,10048.286581926657
2023-05-15 00:00:00.006,10048.286581926657
2023-05-15 08:00:00.005,10048.286581926657
2023-05-15 16:00:00.008,10048.286581926657
2023-05-16 00:00:00.021,10048.286581926657
2023-05-16 08:00:00.000,10048.286581926657
2023-05-16 16:00:00.000,10048.286581926657
2023-05-17 00:00:00.010,10002.823705344326
2023-05-17 08:00:00.000,10002.823705344326
2023-05-17 16:00:00.001,10002.823705344326
2023-05-18 00:00:00.000,10002.823705344326
2023-05-18 08:00:00.026,10002.823705344326
2023-05-18 16:00:00.019,10002.823705344326
2023-05-19 00:00:00.000,10002.823705344326
2023-05-19 08:00:00.002,10002.823705344326
2023-05-19 16:00:00.000,10002.823705344326
2023-05-20 00:00:00.005,10002.823705344326
2023-05-20 08:00:00.014,10002.823705344326
2023-05-20 16:00:00.020,10002.823705344326
2023-05-21 00:00:00.014,10002.823705344326
2023-05-21 08:00:00.001,9872.200741948665
2023-05-21 16:00:00.015,9872.200741948665
2023-05-22 00:00:00.028,9872.200741948665
2023-05-22 08:00:00.000,9872.200741948665
2023-05-22 16:00:00.012,9872.200741948665
2023-05-23 00:00:00.006,9872.200741948665
2023-05-23 08:00:00.014,9872.200741948665
2023-05-23 16:00:00.008,9872.200741948665
2023-05-24 00:00:00.000,9872.200741948665
2023-05-24 08:00:00.025,9872.200741948665
2023-05-24 16:00:00.008,9872.200741948665
2023-05-25 00:00:00.000,9872.200741948665
2023-05-25 08:00:00.025,9872.200741948665
2023-05-25 16:00:00.016,9441.671312379502
2023-05-26 00:00:00.000,9441.671312379502
2023-05-26 08:00:00.024,9441.671312379502
2023-05-26 16:00:00.012,9441.671312379502
2023-05-27 00:00:00.012,9441.671312379502
2023-05-27 08:00:00.018,9441.671312379502
2023-05-27 16:00:00.008,9441.671312379502
2023-05-28 00:00:00.017,9441.671312379502
2023-05-28 08:00:00.015,9441.671312379502
2023-05-28 16:00:00.000,9441.671312379502
2023-05-29 00:00:00.000,9441.671312379502
2023-05-29 08:00:00.020,9441.671312379502
2023-05-29 16:00:00.011,9441.671312379502
2023-05-30 00:00:00.003,9212.376212864054
2023-05-30 08:00:00.000,9212.376212864054
2023-05-30 16:00:00.003,9212.376212864054
2023-05-31 00:00:00.013,9212.376212864054
2023-05-31 08:00:00.000,9212.376212864054
2023-05-31 16:00:00.000,9212.376212864054
2023-06-01 00:00:00.008,9212.376212864054
2023-06-01 08:00:00.012,9212.376212864054
2023-06-01 16:00:00.000,9212.376212864054
2023-06-02 00:00:00.000,9212.376212864054
2023-06-02 08:00:00.006,9212.376212864054
2023-06-02 16:00:00.012,9212.376212864054
2023-06-03 00:00:00.000,9212.376212864054
2023-06-03 08:00:00.011,9164.64433044622
2023-06-03 16:00:00.003,9164.64433044622
2023-06-04 00:00:00.000,9164.64433044622
2023-06-04 08:00:00.000,9164.64433044622
2023-06-04 16:00:00.000,9164.64433044622
2023-06-05 00:00:00.005,9164.64433044622
2023-06-05 08:00:00.000,9164.64433044622
2023-06-05 16:00:00.000,9164.64433044622
2023-06-06 00:00:00.000,9164.64433044622
2023-06-06 08:00:00.009,9164.64433044622
2023-06-06 16:00:00.013,9164.64433044622
2023-06-07 00:00:00.000,9164.64433044622
2023-06-07 08:00:00.016,9164.64433044622
2023-06-07 16:00:00.000,8903.830628226897
2023-06-08 00:00:00.006,8903.830628226897
2023-06-08 08:00:00.000,8903.830628226897
2023-06-08 16:00:00.000,8903.830628226897
2023-06-09 00:00:00.000,8903.830628226897
2023-06-09 08:00:00.000,8903.830628226897
2023-06-09 16:00:00.000,8903.830628226897
2023-06-10 00:00:00.000,8903.830628226897
2023-06-10 08:00:00.000,8903.830628226897
2023-06-10 16:00:00.000,8903.830628226897
2023-06-11 00:00:00.001,8903.830628226897
2023-06-11 08:00:00.000,8903.830628226897
2023-06-11 16:00:00.000,8903.830628226897
2023-06-12 00:00:00.000,8912.498262279712
2023-06-12 08:00:00.000,8912.498262279712
2023-06-12 16:00:00.001,8912.498262279712
2023-06-13 00:00:00.000,8912.498262279712
2023-06-13 08:00:00.000,8912.498262279712
2023-06-13 16:00:00.000,8912.498262279712
2023-06-14 00:00:00.000,8912.498262279712
2023-06-14 08:00:00.000,8912.498262279712
2023-06-14 16:00:00.000,8912.498262279712
2023-06-15 00:00:00.000,8912.498262279712
2023-06-15 08:00:00.000,8912.498262279712
2023-06-15 16:00:00.000,8912.498262279712
2023-06-16 00:00:00.000,8912.498262279712
2023-06-16 08:00:00.000,9345.57139660236
2023-06-16 16:00:00.000,9345.57139660236
2023-06-17 00:00:00.000,9345.57139660236
2023-06-17 08:00:00.000,9345.57139660236
2023-06-17 16:00:00.000,9345.57139660236
2023-06-18 00:00:00.000,9345.57139660236
2023-06-18 08:00:00.000,9345.57139660236
2023-06-18 16:00:00.000,9345.57139660236
2023-06-19 00:00:00.000,9345.57139660236
2023-06-19 08:00:00.000,9345.57139660236
2023-06-19 16:00:00.000,9345.57139660236
2023-06-20 00:00:00.001,9345.57139660236
2023-06-20 08:00:00.000,9345.57139660236
2023-06-20 16:00:00.000,9374.550063142362
2023-06-21 00:00:00.000,9374.550063142362
2023-06-21 08:00:00.000,9374.550063142362
2023-06-21 16:00:00.000,9374.550063142362
2023-06-22 00:00:00.000,9374.550063142362
2023-06-22 08:00:00.001,9374.550063142362
2023-06-22 16:00:00.000,9374.550063142362
2023-06-23 00:00:00.000,9374.550063142362
2023-06-23 08:00:00.000,9374.550063142362
2023-06-23 16:00:00.000,9374.550063142362
2023-06-24 00:00:00.000,9374.550063142362
2023-06-24 08:00:00.000,9374.550063142362
2023-06-24 16:00:00.000,9374.550063142362
2023-06-25 00:00:00.000,9381.880025564826
2023-06-25 08:00:00.000,9381.880025564826
2023-06-25 16:00:00.000,9381.880025564826
2023-06-26 00:00:00.000,9381.880025564826
2023-06-26 08:00:00.000,9381.880025564826
2023-06-26 16:00:00.000,9381.880025564826
2023-06-27 00:00:00.000,9381.880025564826
2023-06-27 08:00:00.000,9381.880025564826
2023-06-27 16:00:00.000,9381.880025564826
2023-06-28 00:00:00.000,9381.880025564826
2023-06-28 08:00:00.000,9381.880025564826
2023-06-28 16:00:00.000,9381.880025564826
2023-06-29 00:00:00.000,9381.880025564826
2023-06-29 08:00:00.000,7850.056306345501
2023-06-29 16:00:00.000,7850.056306345501
2023-06-30 00:00:00.000,7850.056306345501
2023-06-30 08:00:00.000,7850.056306345501
2023-06-30 16:00:00.001,7850.056306345501
2023-07-01 00:00:00.000,7850.056306345501
2023-07-01 08:00:00.000,7850.056306345501
2023-07-01 16:00:00.000,7850.056306345501
2023-07-02 00:00:00.000,7850.056306345501
2023-07-02 08:00:00.000,7850.056306345501
2023-07-02 16:00:00.001,7850.056306345501
2023-07-03 00:00:00.000,7850.056306345501
2023-07-03 08:00:00.000,7850.056306345501
2023-07-03 16:00:00.000,7363.236213838725
2023-07-04 00:00:00.001,7363.236213838725
2023-07-04 08:00:00.000,7363.236213838725
2023-07-04 16:00:00.000,7363.236213838725
2023-07-05 00:00:00.000,7363.236213838725
2023-07-05 08:00:00.000,7363.236213838725
2023-07-05 16:00:00.000,7363.236213838725
2023-07-06 00:00:00.000,7363.236213838725
2023-07-06 08:00:00.000,7363.236213838725
2023-07-06 16:00:00.000,7363.236213838725
2023-07-07 00:00:00.000,7363.236213838725
2023-07-07 08:00:00.000,7363.236213838725
2023-07-07 16:00:00.000,7363.236213838725
2023-07-08 00:00:00.000,7398.311044946393
2023-07-08 08:00:00.000,7398.311044946393
2023-07-08 16:00:00.000,7398.311044946393
2023-07-09 00:00:00.000,7398.311044946393
2023-07-09 08:00:00.000,7398.311044946393
2023-07-09 16:00:00.000,7398.311044946393
2023-07-10 00:00:00.000,7398.311044946393
2023-07-10 08:00:00.000,7398.311044946393
2023-07-10 16:00:00.000,7398.311044946393
2023-07-11 00:00:00.000,7398.311044946393
2023-07-11 08:00:00.000,7398.311044946393
2023-07-11 16:00:00.000,7398.311044946393
2023-07-12 00:00:00.000,7398.311044946393
2023-07-12 08:00:00.000,7324.138608295341
2023-07-12 16:00:00.000,7324.138608295341
2023-07-13 00:00:00.000,7324.138608295341
2023-07-13 08:00:00.000,7324.138608295341
2023-07-13 16:00:00.000,7324.138608295341
2023-07-14 00:00:00.000,7324.138608295341
2023-07-14 08:00:00.000,7324.138608295341
2023-07-14 16:00:00.000,7324.138608295341
2023-07-15 00:00:00.000,7324.138608295341
2023-07-15 08:00:00.000,7324.138608295341
2023-07-15 16:00:00.000,7324.138608295341
2023-07-16 00:00:00.001,7324.138608295341
2023-07-16 08:00:00.000,7324.138608295341
2023-07-16 16:00:00.000,7324.138608295341
2023-07-17 00:00:00.000,7391.056286751143
2023-07-17 08:00:00.000,7391.056286751143
2023-07-17 16:00:00.000,7391.056286751143
2023-07-18 00:00:00.000,7391.056286751143
2023-07-18 08:00:00.000,7391.056286751143
2023-07-18 16:00:00.000,7391.056286751143
2023-07-19 00:00:00.000,7391.056286751143
2023-07-19 08:00:00.000,7391.056286751143
2023-07-19 16:00:00.001,7391.056286751143
2023-07-20 00:00:00.000,7391.056286751143
2023-07-20 08:00:00.000,7391.056286751143
2023-07-20 16:00:00.000,7391.056286751143
2023-07-21 00:00:00.001,7391.056286751143
2023-07-21 08:00:00.000,7383.519136634087
2023-07-21 16:00:00.000,7383.519136634087
2023-07-22 00:00:00.000,7383.519136634087
2023-07-22 08:00:00.000,7383.519136634087
2023-07-22 16:00:00.000,7383.519136634087
2023-07-23 00:00:00.000,7383.519136634087
2023-07-23 08:00:00.000,7383.519136634087
2023-07-23 16:00:00.000,7383.519136634087
2023-07-24 00:00:00.000,7383.519136634087
2023-07-24 08:00:00.000,7383.519136634087
2023-07-24 16:00:00.000,7383.519136634087
2023-07-25 00:00:00.000,7383.519136634087
2023-07-25 08:00:00.000,7383.519136634087
2023-07-25 16:00:00.000,7608.1695787839735
2023-07-26 00:00:00.000,7608.1695787839735
2023-07-26 08:00:00.001,7608.1695787839735
2023-07-26 16:00:00.000,7608.1695787839735
2023-07-27 00:00:00.000,7608.1695787839735
2023-07-27 08:00:00.000,7608.1695787839735
2023-07-27 16:00:00.001,7608.1695787839735
2023-07-28 00:00:00.000,7608.1695787839735
2023-07-28 08:00:00.000,7608.1695787839735
2023-07-28 16:00:00.000,7608.1695787839735
2023-07-29 00:00:00.000,7608.1695787839735
2023-07-29 08:00:00.000,7608.1695787839735
2023-07-29 16:00:00.001,7608.1695787839735
2023-07-30 00:00:00.000,7517.503453637225
2023-07-30 08:00:00.000,7517.503453637225
2023-07-30 16:00:00.000,7517.503453637225
2023-07-31 00:00:00.000,7517.503453637225
2023-07-31 08:00:00.000,7517.503453637225
2023-07-31 16:00:00.001,7517.503453637225
2023-08-01 00:00:00.000,7517.503453637225
2023-08-01 08:00:00.000,7517.503453637225
2023-08-01 16:00:00.000,7517.503453637225
2023-08-02 00:00:00.000,7517.503453637225
2023-08-02 08:00:00.000,7517.503453637225
2023-08-02 16:00:00.000,7517.503453637225
2023-08-03 00:00:00.000,7517.503453637225
2023-08-03 08:00:00.000,7501.7499557396895
2023-08-03 16:00:00.001,7501.7499557396895
2023-08-04 00:00:00.000,7501.7499557396895
2023-08-04 08:00:00.000,7501.7499557396895
2023-08-04 16:00:00.000,7501.7499557396895
2023-08-05 00:00:00.000,7501.7499557396895
2023-08-05 08:00:00.000,7501.7499557396895
2023-08-05 16:00:00.001,7501.7499557396895
2023-08-06 00:00:00.000,7501.7499557396895
2023-08-06 08:00:00.001,7501.7499557396895
2023-08-06 16:00:00.005,7501.7499557396895
2023-08-07 00:00:00.000,7501.7499557396895
2023-08-07 08:00:00.000,7501.7499557396895
2023-08-07 16:00:00.000,7368.193053473292
2023-08-08 00:00:00.000,7368.193053473292
2023-08-08 08:00:00.000,7368.193053473292
2023-08-08 16:00:00.000,7368.193053473292
2023-08-09 00:00:00.000,7368.193053473292
2023-08-09 08:00:00.000,7368.193053473292
2023-08-09 16:00:00.000,7368.193053473292
2023-08-10 00:00:00.001,7368.193053473292
2023-08-10 08:00:00.000,7368.193053473292
2023-08-10 16:00:00.000,7368.193053473292
2023-08-11 00:00:00.000,7368.193053473292
2023-08-11 08:00:00.000,7368.193053473292
2023-08-11 16:00:00.000,7368.193053473292
2023-08-12 00:00:00.000,7346.698528298551
2023-08-12 08:00:00.000,7346.698528298551
2023-08-12 16:00:00.000,7346.698528298551
2023-08-13 00:00:00.000,7346.698528298551
2023-08-13 08:00:00.000,7346.698528298551
2023-08-13 16:00:00.000,7346.698528298551
2023-08-14 00:00:00.001,7346.698528298551
2023-08-14 08:00:00.000,7346.698528298551
2023-08-14 16:00:00.000,7346.698528298551
2023-08-15 00:00:00.001,7346.698528298551
2023-08-15 08:00:00.000,7346.698528298551
2023-08-15 16:00:00.000,7346.698528298551
2023-08-16 00:00:00.000,7346.698528298551
2023-08-16 08:00:00.001,7336.231067461083
2023-08-16 16:00:00.000,7336.231067461083
2023-08-17 00:00:00.000,7336.231067461083
2023-08-17 08:00:00.000,7336.231067461083
2023-08-17 16:00:00.000,7336.231067461083
2023-08-18 00:00:00.000,7336.231067461083
2023-08-18 08:00:00.000,7336.231067461083
2023-08-18 16:00:00.000,7336.231067461083
2023-08-19 00:00:00.000,7336.231067461083
2023-08-19 08:00:00.000,7336.231067461083
2023-08-19 16:00:00.000,7336.231067461083
2023-08-20 00:00:00.000,7336.231067461083
2023-08-20 08:00:00.000,7336.231067461083
2023-08-20 16:00:00.000,7351.79610197006
2023-08-21 00:00:00.000,7351.79610197006
2023-08-21 08:00:00.000,7351.79610197006
2023-08-21 16:00:00.000,7351.79610197006
2023-08-22 00:00:00.000,7351.79610197006
2023-08-22 08:00:00.000,7351.79610197006
2023-08-22 16:00:00.000,7351.79610197006
2023-08-23 00:00:00.000,7351.79610197006
2023-08-23 08:00:00.000,7351.79610197006
2023-08-23 16:00:00.000,7351.79610197006
2023-08-24 00:00:00.000,7351.79610197006
2023-08-24 08:00:00.000,7351.79610197006
2023-08-24 16:00:00.000,7351.79610197006
2023-08-25 00:00:00.000,7432.907670918222
2023-08-25 08:00:00.000,7432.907670918222
2023-08-25 16:00:00.000,7432.907670918222
2023-08-26 00:00:00.000,7432.907670918222
2023-08-26 08:00:00.000,7432.907670918222
2023-08-26 16:00:00.000,7432.907670918222
2023-08-27 00:00:00.000,7432.907670918222
2023-08-27 08:00:00.000,7432.907670918222
2023-08-27 16:00:00.000,7432.907670918222
2023-08-28 00:00:00.000,7432.907670918222
2023-08-28 08:00:00.001,7432.907670918222
2023-08-28 16:00:00.001,7432.907670918222
2023-08-29 00:00:00.000,7432.907670918222
2023-08-29 08:00:00.000,7412.619474143223
2023-08-29 16:00:00.000,7412.619474143223
2023-08-30 00:00:00.000,7412.619474143223
2023-08-30 08:00:00.000,7412.619474143223
2023-08-30 16:00:00.000,7412.619474143223
2023-08-31 00:00:00.000,7412.619474143223
2023-08-31 08:00:00.000,7412.619474143223
2023-08-31 16:00:00.000,7412.619474143223
2023-09-01 00:00:00.000,7412.619474143223
2023-09-01 08:00:00.000,7412.619474143223
2023-09-01 16:00:00.001,7412.619474143223
2023-09-02 00:00:00.000,7412.619474143223
2023-09-02 08:00:00.000,7412.619474143223
2023-09-02 16:00:00.000,7243.366148077458
2023-09-03 00:00:00.000,7243.366148077458
2023-09-03 08:00:00.000,7243.366148077458
2023-09-03 16:00:00.000,7243.366148077458
2023-09-04 00:00:00.000,7243.366148077458
2023-09-04 08:00:00.000,7243.366148077458
2023-09-04 16:00:00.000,7243.366148077458
2023-09-05 00:00:00.000,7243.366148077458
2023-09-05 08:00:00.000,7243.366148077458
2023-09-05 16:00:00.000,7243.366148077458
2023-09-06 00:00:00.000,7243.366148077458
2023-09-06 08:00:00.000,7243.366148077458
2023-09-06 16:00:00.001,7243.366148077458
2023-09-07 00:00:00.000,7192.521922496406
2023-09-07 08:00:00.000,7192.521922496406
2023-09-07 16:00:00.000,7192.521922496406
2023-09-08 00:00:00.000,7192.521922496406
2023-09-08 08:00:00.000,7192.521922496406
2023-09-08 16:00:00.000,7192.521922496406
2023-09-09 00:00:00.000,7192.521922496406
2023-09-09 08:00:00.000,7192.521922496406
2023-09-09 16:00:00.000,7192.521922496406
2023-09-10 00:00:00.000,7192.521922496406
2023-09-10 08:00:00.000,7192.521922496406
2023-09-10 16:00:00.000,7192.521922496406
2023-09-11 00:00:00.000,7192.521922496406
2023-09-11 08:00:00.000,7146.583840016995
2023-09-11 16:00:00.001,7146.583840016995
2023-09-12 00:00:00.000,7146.583840016995
2023-09-12 08:00:00.000,7146.583840016995
2023-09-12 16:00:00.000,7146.583840016995
2023-09-13 00:00:00.000,7146.583840016995
2023-09-13 08:00:00.000,7146.583840016995
2023-09-13 16:00:00.000,7146.583840016995
2023-09-14 00:00:00.000,7146.583840016995
2023-09-14 08:00:00.001,7146.583840016995
2023-09-14 16:00:00.000,7146.583840016995
2023-09-15 00:00:00.000,7146.583840016995
2023-09-15 08:00:00.000,7146.583840016995
2023-09-15 16:00:00.000,7218.238844401702
2023-09-16 00:00:00.000,7218.238844401702
2023-09-16 08:00:00.000,7218.238844401702
2023-09-16 16:00:00.000,7218.238844401702
2023-09-17 00:00:00.000,7218.238844401702
2023-09-17 08:00:00.000,7218.238844401702
2023-09-17 16:00:00.000,7218.238844401702
2023-09-18 00:00:00.000,7218.238844401702
2023-09-18 08:00:00.000,7218.238844401702
2023-09-18 16:00:00.000,7218.238844401702
2023-09-19 00:00:00.000,7218.238844401702
2023-09-19 08:00:00.001,7218.238844401702
2023-09-19 16:00:00.000,7218.238844401702
2023-09-20 00:00:00.000,7101.868499404724
2023-09-20 08:00:00.000,7101.868499404724
2023-09-20 16:00:00.000,7101.868499404724
2023-09-21 00:00:00.001,7101.868499404724
2023-09-21 08:00:00.000,7101.868499404724
2023-09-21 16:00:00.000,7101.868499404724
2023-09-22 00:00:00.000,7101.868499404724
2023-09-22 08:00:00.000,7101.868499404724
2023-09-22 16:00:00.000,7101.868499404724
2023-09-23 00:00:00.000,7101.868499404724
2023-09-23 08:00:00.000,7101.868499404724
2023-09-23 16:00:00.000,7101.868499404724
2023-09-24 00:00:00.000,7101.868499404724
2023-09-24 08:00:00.000,7068.572808271898
2023-09-24 16:00:00.000,7068.572808271898
2023-09-25 00:00:00.000,7068.572808271898
2023-09-25 08:00:00.000,7068.572808271898
2023-09-25 16:00:00.000,7068.572808271898
2023-09-26 00:00:00.000,7068.572808271898
2023-09-26 08:00:00.000,7068.572808271898
2023-09-26 16:00:00.000,7068.572808271898
2023-09-27 00:00:00.000,7068.572808271898
2023-09-27 08:00:00.001,7068.572808271898
2023-09-27 16:00:00.000,7068.572808271898
2023-09-28 00:00:00.000,7068.572808271898
2023-09-28 08:00:00.000,7068.572808271898
2023-09-28 16:00:00.000,7197.3972135092545
2023-09-29 00:00:00.000,7197.3972135092545
2023-09-29 08:00:00.000,7197.3972135092545
2023-09-29 16:00:00.000,7197.3972135092545
2023-09-30 00:00:00.000,7197.3972135092545
2023-09-30 08:00:00.000,7197.3972135092545
2023-09-30 16:00:00.000,7197.3972135092545
2023-10-01 00:00:00.000,7197.3972135092545
2023-10-01 08:00:00.000,7197.3972135092545
2023-10-01 16:00:00.000,7197.3972135092545
2023-10-02 00:00:00.000,7197.3972135092545
2023-10-02 08:00:00.000,7197.3972135092545
2023-10-02 16:00:00.000,7197.3972135092545
2023-10-03 00:00:00.000,7020.574194020564
2023-10-03 08:00:00.000,7020.574194020564
2023-10-03 16:00:00.000,7020.574194020564
2023-10-04 00:00:00.000,7020.574194020564
2023-10-04 08:00:00.000,7020.574194020564
2023-10-04 16:00:00.000,7020.574194020564
2023-10-05 00:00:00.000,7020.574194020564
2023-10-05 08:00:00.000,7020.574194020564
2023-10-05 16:00:00.001,7020.574194020564
2023-10-06 00:00:00.000,7020.574194020564
2023-10-06 08:00:00.000,7020.574194020564
2023-10-06 16:00:00.000,7020.574194020564
2023-10-07 00:00:00.000,7020.574194020564
2023-10-07 08:00:00.000,6929.61087789792
2023-10-07 16:00:00.000,6929.61087789792
2023-10-08 00:00:00.000,6929.61087789792
2023-10-08 08:00:00.001,6929.61087789792
2023-10-08 16:00:00.000,6929.61087789792
2023-10-09 00:00:00.000,6929.61087789792
2023-10-09 08:00:00.000,6929.61087789792
2023-10-09 16:00:00.000,6929.61087789792
2023-10-10 00:00:00.000,6929.61087789792
2023-10-10 08:00:00.000,6929.61087789792
2023-10-10 16:00:00.000,6929.61087789792
2023-10-11 00:00:00.000,6929.61087789792
2023-10-11 08:00:00.000,6929.61087789792
2023-10-11 16:00:00.000,6938.223641612047
2023-10-12 00:00:00.000,6938.223641612047
2023-10-12 08:00:00.000,6938.223641612047
2023-10-12 16:00:00.000,6938.223641612047
2023-10-13 00:00:00.000,6938.223641612047
2023-10-13 08:00:00.000,6938.223641612047
2023-10-13 16:00:00.000,6938.223641612047
2023-10-14 00:00:00.000,6938.223641612047
2023-10-14 08:00:00.000,6938.223641612047
2023-10-14 16:00:00.000,6938.223641612047
2023-10-15 00:00:00.000,6938.223641612047
2023-10-15 08:00:00.000,6938.223641612047
2023-10-15 16:00:00.000,6938.223641612047
2023-10-16 00:00:00.000,7271.151909899959
2023-10-16 08:00:00.000,7271.151909899959
2023-10-16 16:00:00.000,7271.151909899959
2023-10-17 00:00:00.000,7271.151909899959
2023-10-17 08:00:00.000,7271.151909899959
2023-10-17 16:00:00.000,7271.151909899959
2023-10-18 00:00:00.000,7271.151909899959
2023-10-18 08:00:00.000,7271.151909899959
2023-10-18 16:00:00.000,7271.151909899959
2023-10-19 00:00:00.000,7271.151909899959
2023-10-19 08:00:00.001,7271.151909899959
2023-10-19 16:00:00.000,7271.151909899959
2023-10-20 00:00:00.000,7271.151909899959
2023-10-20 08:00:00.005,6954.347533124046
2023-10-20 16:00:00.000,6954.347533124046
2023-10-21 00:00:00.000,6954.347533124046
2023-10-21 08:00:00.000,6954.347533124046
2023-10-21 16:00:00.000,6954.347533124046
2023-10-22 00:00:00.000,6954.347533124046
2023-10-22 08:00:00.000,6954.347533124046
2023-10-22 16:00:00.000,6954.347533124046
2023-10-23 00:00:00.000,6954.347533124046
2023-10-23 08:00:00.001,6954.347533124046
2023-10-23 16:00:00.001,6954.347533124046
2023-10-24 00:00:00.000,6954.347533124046
2023-10-24 08:00:00.000,6954.347533124046
2023-10-24 16:00:00.000,6733.02313183523
2023-10-25 00:00:00.000,6733.02313183523
2023-10-25 08:00:00.000,6733.02313183523
2023-10-25 16:00:00.001,6733.02313183523
2023-10-26 00:00:00.001,6733.02313183523
2023-10-26 08:00:00.000,6733.02313183523
2023-10-26 16:00:00.000,6733.02313183523
2023-10-27 00:00:00.000,6733.02313183523
2023-10-27 08:00:00.000,6733.02313183523
2023-10-27 16:00:00.000,6733.02313183523
2023-10-28 00:00:00.000,6733.02313183523
2023-10-28 08:00:00.001,6733.02313183523
2023-10-28 16:00:00.000,6733.02313183523
2023-10-29 00:00:00.000,6733.02313183523
2023-10-29 08:00:00.000,6539.026689902609
2023-10-29 16:00:00.000,6539.026689902609
2023-10-30 00:00:00.000,6539.026689902609
2023-10-30 08:00:00.000,6539.026689902609
2023-10-30 16:00:00.000,6539.026689902609
2023-10-31 00:00:00.001,6539.026689902609
2023-10-31 08:00:00.000,6539.026689902609
2023-10-31 16:00:00.000,6539.026689902609
2023-11-01 00:00:00.000,6539.026689902609
2023-11-01 08:00:00.000,6539.026689902609
2023-11-01 16:00:00.000,6539.026689902609
2023-11-02 00:00:00.001,6539.026689902609
2023-11-02 08:00:00.000,6539.026689902609
2023-11-02 16:00:00.000,6409.797250109938
2023-11-03 00:00:00.000,6409.797250109938
2023-11-03 08:00:00.000,6409.797250109938
2023-11-03 16:00:00.000,6409.797250109938
2023-11-04 00:00:00.000,6409.797250109938
2023-11-04 08:00:00.000,6409.797250109938
2023-11-04 16:00:00.000,6409.797250109938
2023-11-05 00:00:00.000,6409.797250109938
2023-11-05 08:00:00.000,6409.797250109938
2023-11-05 16:00:00.000,6409.797250109938
2023-11-06 00:00:00.000,6409.797250109938
2023-11-06 08:00:00.001,6409.797250109938
2023-11-06 16:00:00.000,6409.797250109938
2023-11-07 00:00:00.001,6434.662117821077
2023-11-07 08:00:00.000,6434.662117821077
2023-11-07 16:00:00.000,6434.662117821077
2023-11-08 00:00:00.000,6434.662117821077
2023-11-08 08:00:00.000,6434.662117821077
2023-11-08 16:00:00.000,6434.662117821077
2023-11-09 00:00:00.000,6434.662117821077
2023-11-09 08:00:00.000,6434.662117821077
2023-11-09 16:00:00.000,6434.662117821077
2023-11-10 00:00:00.000,6434.662117821077
2023-11-10 08:00:00.000,6434.662117821077
2023-11-10 16:00:00.000,6434.662117821077
2023-11-11 00:00:00.000,6434.662117821077
2023-11-11 08:00:00.000,6837.248571543324
2023-11-11 16:00:00.000,6837.248571543324
2023-11-12 00:00:00.000,6837.248571543324
2023-11-12 08:00:00.000,6837.248571543324
2023-11-12 16:00:00.001,6837.248571543324
2023-11-13 00:00:00.000,6837.248571543324
2023-11-13 08:00:00.000,6837.248571543324
2023-11-13 16:00:00.000,6837.248571543324
2023-11-14 00:00:00.000,6837.248571543324
2023-11-14 08:00:00.000,6837.248571543324
2023-11-14 16:00:00.001,6837.248571543324
2023-11-15 00:00:00.000,6837.248571543324
2023-11-15 08:00:00.000,6837.248571543324
2023-11-15 16:00:00.000,7291.747143726796
2023-11-16 00:00:00.000,7291.747143726796
2023-11-16 08:00:00.000,7291.747143726796
2023-11-16 16:00:00.001,7291.747143726796
2023-11-17 00:00:00.000,7291.747143726796
2023-11-17 08:00:00.001,7291.747143726796
2023-11-17 16:00:00.001,7291.747143726796
2023-11-18 00:00:00.000,7291.747143726796
2023-11-18 08:00:00.000,7291.747143726796
2023-11-18 16:00:00.000,7291.747143726796
2023-11-19 00:00:00.000,7291.747143726796
2023-11-19 08:00:00.000,7291.747143726796
2023-11-19 16:00:00.000,7291.747143726796
2023-11-20 00:00:00.000,7291.747143726796
2023-11-20 08:00:00.000,6942.743213210271
2023-11-20 16:00:00.000,6942.743213210271
2023-11-21 00:00:00.000,6942.743213210271
2023-11-21 08:00:00.000,6942.743213210271
2023-11-21 16:00:00.000,6942.743213210271
2023-11-22 00:00:00.000,6942.743213210271
2023-11-22 08:00:00.000,6942.743213210271
2023-11-22 16:00:00.000,6942.743213210271
2023-11-23 00:00:00.000,6942.743213210271
2023-11-23 08:00:00.000,6942.743213210271
2023-11-23 16:00:00.001,6942.743213210271
2023-11-24 00:00:00.000,6942.743213210271
2023-11-24 08:00:00.000,6942.743213210271
2023-11-24 16:00:00.000,7181.87903913919
2023-11-25 00:00:00.000,7181.87903913919
2023-11-25 08:00:00.000,7181.87903913919
2023-11-25 16:00:00.000,7181.87903913919
2023-11-26 00:00:00.000,7181.87903913919
2023-11-26 08:00:00.000,7181.87903913919
2023-11-26 16:00:00.000,7181.87903913919
2023-11-27 00:00:00.000,7181.87903913919
2023-11-27 08:00:00.001,7181.87903913919
2023-11-27 16:00:00.000,7181.87903913919
2023-11-28 00:00:00.000,7181.87903913919
2023-11-28 08:00:00.000,7181.87903913919
2023-11-28 16:00:00.000,7181.87903913919
2023-11-29 00:00:00.001,7124.12168497513
2023-11-29 08:00:00.000,7124.12168497513
2023-11-29 16:00:00.000,7124.12168497513
2023-11-30 00:00:00.000,7124.12168497513
2023-11-30 08:00:00.000,7124.12168497513
2023-11-30 16:00:00.000,7124.12168497513
2023-12-01 00:00:00.000,7124.12168497513
2023-12-01 08:00:00.000,7124.12168497513
2023-12-01 16:00:00.000,7124.12168497513
2023-12-02 00:00:00.000,7124.12168497513
2023-12-02 08:00:00.000,7124.12168497513
2023-12-02 16:00:00.000,7124.12168497513
2023-12-03 00:00:00.000,7124.12168497513
2023-12-03 08:00:00.000,7734.679039746686
2023-12-03 16:00:00.000,7734.679039746686
2023-12-04 00:00:00.000,7734.679039746686
2023-12-04 08:00:00.000,7734.679039746686
2023-12-04 16:00:00.000,7734.679039746686
2023-12-05 00:00:00.000,7734.679039746686
2023-12-05 08:00:00.000,7734.679039746686
2023-12-05 16:00:00.000,7734.679039746686
2023-12-06 00:00:00.000,7734.679039746686
2023-12-06 08:00:00.000,7734.679039746686
2023-12-06 16:00:00.000,7734.679039746686
2023-12-07 00:00:00.000,7734.679039746686
2023-12-07 08:00:00.000,7734.679039746686
2023-12-07 16:00:00.000,7682.93221238714
2023-12-08 00:00:00.000,7682.93221238714
2023-12-08 08:00:00.000,7682.93221238714
2023-12-08 16:00:00.000,7682.93221238714
2023-12-09 00:00:00.000,7682.93221238714
2023-12-09 08:00:00.000,7682.93221238714
2023-12-09 16:00:00.000,7682.93221238714
2023-12-10 00:00:00.000,7682.93221238714
2023-12-10 08:00:00.000,7682.93221238714
2023-12-10 16:00:00.000,7682.93221238714
2023-12-11 00:00:00.000,7682.93221238714
2023-12-11 08:00:00.000,7682.93221238714
2023-12-11 16:00:00.000,7682.93221238714
2023-12-12 00:00:00.000,7803.373247155697
2023-12-12 08:00:00.000,7803.373247155697
2023-12-12 16:00:00.000,7803.373247155697
2023-12-13 00:00:00.000,7803.373247155697
2023-12-13 08:00:00.000,7803.373247155697
2023-12-13 16:00:00.001,7803.373247155697
2023-12-14 00:00:00.000,7803.373247155697
2023-12-14 08:00:00.000,7803.373247155697
2023-12-14 16:00:00.000,7803.373247155697
2023-12-15 00:00:00.000,7803.373247155697
2023-12-15 08:00:00.000,7803.373247155697
2023-12-15 16:00:00.000,7803.373247155697
2023-12-16 00:00:00.000,7803.373247155697
2023-12-16 08:00:00.000,7833.787908452016
2023-12-16 16:00:00.001,7833.787908452016
2023-12-17 00:00:00.000,7833.787908452016
2023-12-17 08:00:00.000,7833.787908452016
2023-12-17 16:00:00.000,7833.787908452016
2023-12-18 00:00:00.000,7833.787908452016
2023-12-18 08:00:00.001,7833.787908452016
2023-12-18 16:00:00.000,7833.787908452016
2023-12-19 00:00:00.000,7833.787908452016
2023-12-19 08:00:00.000,7833.787908452016
2023-12-19 16:00:00.000,7833.787908452016
2023-12-20 00:00:00.000,7833.787908452016
2023-12-20 08:00:00.000,7833.787908452016
2023-12-20 16:00:00.000,7658.115759303011
2023-12-21 00:00:00.000,7658.115759303011
2023-12-21 08:00:00.000,7658.115759303011
2023-12-21 16:00:00.000,7658.115759303011
2023-12-22 00:00:00.000,7658.115759303011
2023-12-22 08:00:00.000,7658.115759303011
2023-12-22 16:00:00.000,7658.115759303011
2023-12-23 00:00:00.000,7658.115759303011
2023-12-23 08:00:00.001,7658.115759303011
2023-12-23 16:00:00.000,7658.115759303011
2023-12-24 00:00:00.000,7658.115759303011
2023-12-24 08:00:00.000,7658.115759303011
2023-12-24 16:00:00.000,7658.115759303011
2023-12-25 00:00:00.000,7515.810086553845
2023-12-25 08:00:00.000,7515.810086553845
2023-12-25 16:00:00.000,7515.810086553845
2023-12-26 00:00:00.000,7515.810086553845
2023-12-26 08:00:00.000,7515.810086553845
2023-12-26 16:00:00.000,7515.810086553845
2023-12-27 00:00:00.000,7515.810086553845
2023-12-27 08:00:00.000,7515.810086553845
2023-12-27 16:00:00.000,7515.810086553845
2023-12-28 00:00:00.000,7515.810086553845
2023-12-28 08:00:00.000,7515.810086553845
2023-12-28 16:00:00.000,7515.810086553845
2023-12-29 00:00:00.001,7515.810086553845
2023-12-29 08:00:00.000,7604.774063864343
2023-12-29 16:00:00.000,7604.774063864343
2023-12-30 00:00:00.001,7604.774063864343
2023-12-30 08:00:00.000,7604.774063864343
2023-12-30 16:00:00.000,7604.774063864343
2023-12-31 00:00:00.000,7604.774063864343
2023-12-31 08:00:00.001,7604.774063864343
2023-12-31 16:00:00.000,7604.774063864343
2024-01-01 00:00:00.000,7604.774063864343
2024-01-01 08:00:00.000,7604.774063864343
2024-01-01 16:00:00.000,7604.774063864343
2024-01-02 00:00:00.000,7604.774063864343
2024-01-02 08:00:00.000,7604.774063864343
2024-01-02 16:00:00.000,7690.953636625361
2024-01-03 00:00:00.000,7690.953636625361
2024-01-03 08:00:00.000,7690.953636625361
2024-01-03 16:00:00.000,7690.953636625361
2024-01-04 00:00:00.000,7690.953636625361
2024-01-04 08:00:00.000,7690.953636625361
2024-01-04 16:00:00.000,7690.953636625361
2024-01-05 00:00:00.001,7690.953636625361
2024-01-05 08:00:00.000,7690.953636625361
2024-01-05 16:00:00.000,7690.953636625361
2024-01-06 00:00:00.000,7690.953636625361
2024-01-06 08:00:00.000,7690.953636625361
2024-01-06 16:00:00.000,7690.953636625361
2024-01-07 00:00:00.000,7680.229653800365
2024-01-07 08:00:00.001,7680.229653800365
2024-01-07 16:00:00.001,7680.229653800365
2024-01-08 00:00:00.000,7680.229653800365
2024-01-08 08:00:00.000,7680.229653800365
2024-01-08 16:00:00.000,7680.229653800365
2024-01-09 00:00:00.001,7680.229653800365
2024-01-09 08:00:00.000,7680.229653800365
2024-01-09 16:00:00.000,7680.229653800365
2024-01-10 00:00:00.000,7680.229653800365
2024-01-10 08:00:00.000,7680.229653800365
2024-01-10 16:00:00.000,7680.229653800365
2024-01-11 00:00:00.000,7680.229653800365
2024-01-11 08:00:00.000,7689.660854927301
2024-01-11 16:00:00.000,7689.660854927301
2024-01-12 00:00:00.001,7689.660854927301
2024-01-12 08:00:00.000,7689.660854927301
2024-01-12 16:00:00.000,7689.660854927301
2024-01-13 00:00:00.000,7689.660854927301
2024-01-13 08:00:00.000,7689.660854927301
2024-01-13 16:00:00.001,7689.660854927301
2024-01-14 00:00:00.000,7689.660854927301
2024-01-14 08:00:00.000,7689.660854927301
2024-01-14 16:00:00.001,7689.660854927301
2024-01-15 00:00:00.000,7689.660854927301
2024-01-15 08:00:00.000,7689.660854927301
2024-01-15 16:00:00.000,7615.354342499731
2024-01-16 00:00:00.000,7615.354342499731
2024-01-16 08:00:00.000,7615.354342499731
2024-01-16 16:00:00.001,7615.354342499731
2024-01-17 00:00:00.000,7615.354342499731
2024-01-17 08:00:00.000,7615.354342499731
2024-01-17 16:00:00.000,7615.354342499731
2024-01-18 00:00:00.001,7615.354342499731
2024-01-18 08:00:00.000,7615.354342499731
2024-01-18 16:00:00.000,7615.354342499731
2024-01-19 00:00:00.000,7615.354342499731
2024-01-19 08:00:00.000,7615.354342499731
2024-01-19 16:00:00.002,7615.354342499731
2024-01-20 00:00:00.000,7477.405325430816
2024-01-20 08:00:00.003,7477.405325430816
2024-01-20 16:00:00.000,7477.405325430816
2024-01-21 00:00:00.000,7477.405325430816
2024-01-21 08:00:00.000,7477.405325430816
2024-01-21 16:00:00.000,7477.405325430816
2024-01-22 00:00:00.000,7477.405325430816
2024-01-22 08:00:00.000,7477.405325430816
2024-01-22 16:00:00.000,7477.405325430816
2024-01-23 00:00:00.000,7477.405325430816
2024-01-23 08:00:00.000,7477.405325430816
2024-01-23 16:00:00.000,7477.405325430816
2024-01-24 00:00:00.000,7477.405325430816
2024-01-24 08:00:00.000,7366.332695853355
2024-01-24 16:00:00.000,7366.332695853355
2024-01-25 00:00:00.000,7366.332695853355
2024-01-25 08:00:00.001,7366.332695853355
2024-01-25 16:00:00.000,7366.332695853355
2024-01-26 00:00:00.001,7366.332695853355
2024-01-26 08:00:00.000,7366.332695853355
2024-01-26 16:00:00.000,7366.332695853355
2024-01-27 00:00:00.000,7366.332695853355
2024-01-27 08:00:00.000,7366.332695853355
2024-01-27 16:00:00.000,7366.332695853355
2024-01-28 00:00:00.000,7366.332695853355
2024-01-28 08:00:00.000,7366.332695853355
2024-01-28 16:00:00.000,7351.751045046897
2024-01-29 00:00:00.000,7351.751045046897
2024-01-29 08:00:00.001,7351.751045046897
2024-01-29 16:00:00.000,7351.751045046897
2024-01-30 00:00:00.000,7351.751045046897
2024-01-30 08:00:00.000,7351.751045046897
2024-01-30 16:00:00.001,7351.751045046897
2024-01-31 00:00:00.000,7351.751045046897
2024-01-31 08:00:00.000,7351.751045046897
2024-01-31 16:00:00.000,7351.751045046897
2024-02-01 00:00:00.000,7351.751045046897
2024-02-01 08:00:00.000,7351.751045046897
2024-02-01 16:00:00.002,7351.751045046897
2024-02-02 00:00:00.000,7184.641795524767
2024-02-02 08:00:00.000,7184.641795524767
2024-02-02 16:00:00.000,7184.641795524767
2024-02-03 00:00:00.000,7184.641795524767
2024-02-03 08:00:00.000,7184.641795524767
2024-02-03 16:00:00.001,7184.641795524767
2024-02-04 00:00:00.000,7184.641795524767
2024-02-04 08:00:00.004,7184.641795524767
2024-02-04 16:00:00.000,7184.641795524767
2024-02-05 00:00:00.000,7184.641795524767
2024-02-05 08:00:00.000,7184.641795524767
2024-02-05 16:00:00.000,7184.641795524767
2024-02-06 00:00:00.000,7184.641795524767
2024-02-06 08:00:00.001,6920.219128827155
2024-02-06 16:00:00.000,6920.219128827155
2024-02-07 00:00:00.000,6920.219128827155
2024-02-07 08:00:00.000,6920.219128827155
2024-02-07 16:00:00.000,6920.219128827155
2024-02-08 00:00:00.000,6920.219128827155
2024-02-08 08:00:00.000,6920.219128827155
2024-02-08 16:00:00.000,6920.219128827155
2024-02-09 00:00:00.000,6920.219128827155
2024-02-09 08:00:00.000,6920.219128827155
2024-02-09 16:00:00.001,6920.219128827155
2024-02-10 00:00:00.001,6920.219128827155
2024-02-10 08:00:00.000,6920.219128827155
2024-02-10 16:00:00.000,7411.470640261124
2024-02-11 00:00:00.000,7411.470640261124
2024-02-11 08:00:00.001,7411.470640261124
2024-02-11 16:00:00.000,7411.470640261124
2024-02-12 00:00:00.000,7411.470640261124
2024-02-12 08:00:00.000,7411.470640261124
2024-02-12 16:00:00.000,7411.470640261124
2024-02-13 00:00:00.000,7411.470640261124
2024-02-13 08:00:00.000,7411.470640261124
2024-02-13 16:00:00.000,7411.470640261124
2024-02-14 00:00:00.000,7411.470640261124
2024-02-14 08:00:00.000,7411.470640261124
2024-02-14 16:00:00.000,7411.470640261124
2024-02-15 00:00:00.000,8155.323163918901
2024-02-15 08:00:00.000,8155.323163918901
2024-02-15 16:00:00.000,8155.323163918901
2024-02-16 00:00:00.000,8155.323163918901
2024-02-16 08:00:00.000,8155.323163918901
2024-02-16 16:00:00.000,8155.323163918901
2024-02-17 00:00:00.000,8155.323163918901
2024-02-17 08:00:00.000,8155.323163918901
2024-02-17 16:00:00.000,8155.323163918901
2024-02-18 00:00:00.000,8155.323163918901
2024-02-18 08:00:00.000,8155.323163918901
2024-02-18 16:00:00.000,8155.323163918901
2024-02-19 00:00:00.000,8155.323163918901
2024-02-19 08:00:00.000,7647.278356634911
2024-02-19 16:00:00.000,7647.278356634911
2024-02-20 00:00:00.000,7647.278356634911
2024-02-20 08:00:00.000,7647.278356634911
2024-02-20 16:00:00.000,7647.278356634911
2024-02-21 00:00:00.000,7647.278356634911
2024-02-21 08:00:00.000,7647.278356634911
2024-02-21 16:00:00.000,7647.278356634911
2024-02-22 00:00:00.001,7647.278356634911
2024-02-22 08:00:00.001,7647.278356634911
2024-02-22 16:00:00.000,7647.278356634911
2024-02-23 00:00:00.000,7647.278356634911
2024-02-23 08:00:00.000,7647.278356634911
2024-02-23 16:00:00.000,7690.65094063508
2024-02-24 00:00:00.000,7690.65094063508
2024-02-24 08:00:00.001,7690.65094063508
2024-02-24 16:00:00.000,7690.65094063508
2024-02-25 00:00:00.001,7690.65094063508
2024-02-25 08:00:00.000,7690.65094063508
2024-02-25 16:00:00.000,7690.65094063508
2024-02-26 00:00:00.000,7690.65094063508
2024-02-26 08:00:00.000,7690.65094063508
2024-02-26 16:00:00.000,7690.65094063508
2024-02-27 00:00:00.000,7690.65094063508
2024-02-27 08:00:00.000,7690.65094063508
2024-02-27 16:00:00.000,7690.65094063508
2024-02-28 00:00:00.000,7663.187195560357
2024-02-28 08:00:00.000,7663.187195560357
2024-02-28 16:00:00.000,7663.187195560357
2024-02-29 00:00:00.000,7663.187195560357
2024-02-29 08:00:00.000,7663.187195560357
2024-02-29 16:00:00.000,7663.187195560357
2024-03-01 00:00:00.000,7663.187195560357
2024-03-01 08:00:00.000,7663.187195560357
2024-03-01 16:00:00.000,7663.187195560357
2024-03-02 00:00:00.000,7663.187195560357
2024-03-02 08:00:00.001,7663.187195560357
2024-03-02 16:00:00.000,7663.187195560357
2024-03-03 00:00:00.000,7663.187195560357
2024-03-03 08:00:00.000,7576.487299930252
2024-03-03 16:00:00.000,7576.487299930252
2024-03-04 00:00:00.000,7576.487299930252
2024-03-04 08:00:00.000,7576.487299930252
2024-03-04 16:00:00.000,7576.487299930252
2024-03-05 00:00:00.000,7576.487299930252
2024-03-05 08:00:00.000,7576.487299930252
2024-03-05 16:00:00.000,7576.487299930252
2024-03-06 00:00:00.000,7576.487299930252
2024-03-06 08:00:00.001,7576.487299930252
2024-03-06 16:00:00.000,7576.487299930252
2024-03-07 00:00:00.000,7576.487299930252
2024-03-07 08:00:00.000,7576.487299930252
2024-03-07 16:00:00.000,7576.487299930252
2024-03-08 00:00:00.000,7632.327892040483
2024-03-08 08:00:00.000,7632.327892040483
2024-03-08 16:00:00.000,7632.327892040483
2024-03-09 00:00:00.000,7632.327892040483
2024-03-09 08:00:00.001,7632.327892040483
2024-03-09 16:00:00.000,7632.327892040483
2024-03-10 00:00:00.000,7632.327892040483
2024-03-10 08:00:00.000,7632.327892040483
2024-03-10 16:00:00.000,7632.327892040483
2024-03-11 00:00:00.000,7632.327892040483
2024-03-11 08:00:00.000,7632.327892040483
2024-03-11 16:00:00.000,7632.327892040483
2024-03-12 00:00:00.000,7632.327892040483
2024-03-12 08:00:00.000,7528.113436974548
2024-03-12 16:00:00.000,7528.113436974548
2024-03-13 00:00:00.000,7528.113436974548
2024-03-13 08:00:00.001,7528.113436974548
2024-03-13 16:00:00.000,7528.113436974548
2024-03-14 00:00:00.001,7528.113436974548
2024-03-14 08:00:00.000,7528.113436974548
2024-03-14 16:00:00.000,7528.113436974548
2024-03-15 00:00:00.000,7528.113436974548
2024-03-15 08:00:00.000,7528.113436974548
2024-03-15 16:00:00.000,7528.113436974548
2024-03-16 00:00:00.000,7528.113436974548
2024-03-16 08:00:00.000,7528.113436974548
2024-03-16 16:00:00.000,7645.905050635794
2024-03-17 00:00:00.000,7645.905050635794
2024-03-17 08:00:00.000,7645.905050635794
2024-03-17 16:00:00.000,7645.905050635794
2024-03-18 00:00:00.000,7645.905050635794
2024-03-18 08:00:00.000,7645.905050635794
2024-03-18 16:00:00.001,7645.905050635794
2024-03-19 00:00:00.000,7645.905050635794
2024-03-19 08:00:00.000,7645.905050635794
2024-03-19 16:00:00.001,7645.905050635794
2024-03-20 00:00:00.000,7645.905050635794
2024-03-20 08:00:00.004,7645.905050635794
2024-03-20 16:00:00.000,7645.905050635794
2024-03-21 00:00:00.000,7364.229956716186
2024-03-21 08:00:00.000,7364.229956716186
2024-03-21 16:00:00.000,7364.229956716186
2024-03-22 00:00:00.000,7364.229956716186
2024-03-22 08:00:00.000,7364.229956716186
2024-03-22 16:00:00.000,7364.229956716186
2024-03-23 00:00:00.000,7364.229956716186
2024-03-23 08:00:00.000,7364.229956716186
2024-03-23 16:00:00.000,7364.229956716186
2024-03-24 00:00:00.000,7364.229956716186
2024-03-24 08:00:00.000,7364.229956716186
2024-03-24 16:00:00.000,7364.229956716186
2024-03-25 00:00:00.000,7364.229956716186
2024-03-25 08:00:00.001,7260.979049143593
2024-03-25 16:00:00.000,7260.979049143593
2024-03-26 00:00:00.000,7260.979049143593
2024-03-26 08:00:00.000,7260.979049143593
2024-03-26 16:00:00.000,7260.979049143593
2024-03-27 00:00:00.000,7260.979049143593
2024-03-27 08:00:00.001,7260.979049143593
2024-03-27 16:00:00.000,7260.979049143593
2024-03-28 00:00:00.000,7260.979049143593
2024-03-28 08:00:00.000,7260.979049143593
2024-03-28 16:00:00.000,7260.979049143593
2024-03-29 00:00:00.000,7260.979049143593
2024-03-29 08:00:00.000,7260.979049143593
2024-03-29 16:00:00.000,7260.979049143593
2024-03-30 00:00:00.000,7107.369178191907
2024-03-30 08:00:00.000,7107.369178191907
2024-03-30 16:00:00.000,7107.369178191907
2024-03-31 00:00:00.000,7107.369178191907
2024-03-31 08:00:00.000,7107.369178191907
2024-03-31 16:00:00.001,7107.369178191907
2024-04-01 00:00:00.000,7107.369178191907
2024-04-01 08:00:00.000,7107.369178191907
2024-04-01 16:00:00.000,7107.369178191907
2024-04-02 00:00:00.007,7107.369178191907
2024-04-02 08:00:00.015,7107.369178191907
2024-04-02 16:00:00.000,7107.369178191907
2024-04-03 00:00:00.000,7107.369178191907
2024-04-03 08:00:00.000,7158.627881187388
2024-04-03 16:00:00.000,7158.627881187388
2024-04-04 00:00:00.000,7158.627881187388
2024-04-04 08:00:00.000,7158.627881187388
2024-04-04 16:00:00.000,7158.627881187388
2024-04-05 00:00:00.000,7158.627881187388
2024-04-05 08:00:00.000,7158.627881187388
2024-04-05 16:00:00.000,7158.627881187388
2024-04-06 00:00:00.000,7158.627881187388
2024-04-06 08:00:00.000,7158.627881187388
2024-04-06 16:00:00.000,7158.627881187388
2024-04-07 00:00:00.000,7158.627881187388
2024-04-07 08:00:00.000,7158.627881187388
2024-04-07 16:00:00.000,7229.120002088022
2024-04-08 00:00:00.001,7229.120002088022
2024-04-08 08:00:00.000,7229.120002088022
2024-04-08 16:00:00.006,7229.120002088022
2024-04-09 00:00:00.000,7229.120002088022
2024-04-09 08:00:00.001,7229.120002088022
2024-04-09 16:00:00.001,7229.120002088022
2024-04-10 00:00:00.000,7229.120002088022
2024-04-10 08:00:00.001,7229.120002088022
2024-04-10 16:00:00.000,7229.120002088022
2024-04-11 00:00:00.000,7229.120002088022
2024-04-11 08:00:00.000,7229.120002088022
2024-04-11 16:00:00.000,7229.120002088022
2024-04-12 00:00:00.000,7151.079598706662
2024-04-12 08:00:00.001,7151.079598706662
2024-04-12 16:00:00.000,7151.079598706662
2024-04-13 00:00:00.000,7151.079598706662
2024-04-13 08:00:00.000,7151.079598706662
2024-04-13 16:00:00.001,7151.079598706662
2024-04-14 00:00:00.000,7151.079598706662
2024-04-14 08:00:00.000,7151.079598706662
2024-04-14 16:00:00.000,7151.079598706662
2024-04-15 00:00:00.000,7151.079598706662
2024-04-15 08:00:00.001,7151.079598706662
2024-04-15 16:00:00.000,7151.079598706662
2024-04-16 00:00:00.001,7151.079598706662
2024-04-16 08:00:00.000,7823.734043393922
2024-04-16 16:00:00.000,7823.734043393922
2024-04-17 00:00:00.000,7823.734043393922
2024-04-17 08:00:00.000,7823.734043393922
2024-04-17 16:00:00.000,7823.734043393922
2024-04-18 00:00:00.000,7823.734043393922
2024-04-18 08:00:00.000,7823.734043393922
2024-04-18 16:00:00.000,7823.734043393922
2024-04-19 00:00:00.001,7823.734043393922
2024-04-19 08:00:00.000,7823.734043393922
2024-04-19 16:00:00.000,7823.734043393922
2024-04-20 00:00:00.000,7823.734043393922
2024-04-20 08:00:00.000,7823.734043393922
2024-04-20 16:00:00.000,7823.734043393922
2024-04-21 00:00:00.000,7823.734043393922
2024-04-21 08:00:00.000,7828.147719190765
2024-04-21 16:00:00.000,7828.147719190765
2024-04-22 00:00:00.000,7828.147719190765
2024-04-22 08:00:00.000,7828.147719190765
2024-04-22 16:00:00.000,7828.147719190765
2024-04-23 00:00:00.000,7828.147719190765
2024-04-23 08:00:00.000,7828.147719190765
2024-04-23 16:00:00.001,7828.147719190765
2024-04-24 00:00:00.000,7828.147719190765
2024-04-24 08:00:00.000,7828.147719190765
2024-04-24 16:00:00.000,7828.147719190765
2024-04-25 00:00:00.000,7828.147719190765
2024-04-25 08:00:00.000,7828.147719190765
2024-04-25 16:00:00.010,7960.2126791720675
2024-04-26 00:00:00.001,7960.2126791720675
2024-04-26 08:00:00.000,7960.2126791720675
2024-04-26 16:00:00.000,7960.2126791720675
2024-04-27 00:00:00.000,7960.2126791720675
2024-04-27 08:00:00.001,7960.2126791720675
2024-04-27 16:00:00.000,7960.2126791720675
2024-04-28 00:00:00.000,7960.2126791720675
2024-04-28 08:00:00.000,7960.2126791720675
2024-04-28 16:00:00.000,7960.2126791720675
2024-04-29 00:00:00.000,7960.2126791720675
2024-04-29 08:00:00.000,7960.2126791720675
2024-04-29 16:00:00.000,7960.2126791720675
2024-04-30 00:00:00.000,7493.736454532293
2024-04-30 08:00:00.000,7493.736454532293
2024-04-30 16:00:00.000,7493.736454532293
2024-05-01 00:00:00.000,7493.736454532293
2024-05-01 08:00:00.000,7493.736454532293
2024-05-01 16:00:00.000,7493.736454532293
2024-05-02 00:00:00.000,7493.736454532293
2024-05-02 08:00:00.000,7493.736454532293
2024-05-02 16:00:00.002,7493.736454532293
2024-05-03 00:00:00.000,7493.736454532293
2024-05-03 08:00:00.000,7493.736454532293
2024-05-03 16:00:00.000,7493.736454532293
2024-05-04 00:00:00.000,7493.736454532293
2024-05-04 08:00:00.000,7234.229310835999
2024-05-04 16:00:00.000,7234.229310835999
2024-05-05 00:00:00.000,7234.229310835999
2024-05-05 08:00:00.000,7234.229310835999
2024-05-05 16:00:00.000,7234.229310835999
2024-05-06 00:00:00.000,7234.229310835999
2024-05-06 08:00:00.000,7234.229310835999
2024-05-06 16:00:00.000,7234.229310835999
2024-05-07 00:00:00.000,7234.229310835999
2024-05-07 08:00:00.000,7234.229310835999
2024-05-07 16:00:00.000,7234.229310835999
2024-05-08 00:00:00.000,7234.229310835999
2024-05-08 08:00:00.000,7234.229310835999
2024-05-08 16:00:00.000,7385.089305229079
2024-05-09 00:00:00.000,7385.089305229079
2024-05-09 08:00:00.000,7385.089305229079
2024-05-09 16:00:00.000,7385.089305229079
2024-05-10 00:00:00.000,7385.089305229079
2024-05-10 08:00:00.000,7385.089305229079
2024-05-10 16:00:00.000,7385.089305229079
2024-05-11 00:00:00.000,7385.089305229079
2024-05-11 08:00:00.000,7385.089305229079
2024-05-11 16:00:00.000,7385.089305229079
2024-05-12 00:00:00.000,7385.089305229079
2024-05-12 08:00:00.000,7385.089305229079
2024-05-12 16:00:00.000,7385.089305229079
2024-05-13 00:00:00.001,7443.5890792425525
2024-05-13 08:00:00.001,7443.5890792425525
2024-05-13 16:00:00.000,7443.5890792425525
2024-05-14 00:00:00.000,7443.5890792425525
2024-05-14 08:00:00.000,7443.5890792425525
2024-05-14 16:00:00.000,7443.5890792425525
2024-05-15 00:00:00.000,7443.5890792425525
2024-05-15 08:00:00.000,7443.5890792425525
2024-05-15 16:00:00.000,7443.5890792425525
2024-05-16 00:00:00.004,7443.5890792425525
2024-05-16 08:00:00.000,7443.5890792425525
2024-05-16 16:00:00.000,7443.5890792425525
2024-05-17 00:00:00.000,7443.5890792425525
2024-05-17 08:00:00.000,7450.3095748833775
2024-05-17 16:00:00.000,7450.3095748833775
2024-05-18 00:00:00.000,7450.3095748833775
2024-05-18 08:00:00.000,7450.3095748833775
2024-05-18 16:00:00.000,7450.3095748833775
2024-05-19 00:00:00.000,7450.3095748833775
2024-05-19 08:00:00.000,7450.3095748833775
2024-05-19 16:00:00.000,7450.3095748833775
2024-05-20 00:00:00.000,7450.3095748833775
2024-05-20 08:00:00.000,7450.3095748833775
2024-05-20 16:00:00.003,7450.3095748833775
2024-05-21 00:00:00.000,7450.3095748833775
2024-05-21 08:00:00.001,7450.3095748833775
2024-05-21 16:00:00.000,7422.015152485313
2024-05-22 00:00:00.000,7422.015152485313
2024-05-22 08:00:00.000,7422.015152485313
2024-05-22 16:00:00.000,7422.015152485313
2024-05-23 00:00:00.000,7422.015152485313
2024-05-23 08:00:00.000,7422.015152485313
2024-05-23 16:00:00.000,7422.015152485313
2024-05-24 00:00:00.000,7422.015152485313
2024-05-24 08:00:00.000,7422.015152485313
2024-05-24 16:00:00.000,7422.015152485313
2024-05-25 00:00:00.000,7422.015152485313
2024-05-25 08:00:00.000,7422.015152485313
2024-05-25 16:00:00.000,7422.015152485313
2024-05-26 00:00:00.000,7225.600792922646
2024-05-26 08:00:00.000,7225.600792922646
2024-05-26 16:00:00.000,7225.600792922646
2024-05-27 00:00:00.000,7225.600792922646
2024-05-27 08:00:00.000,7225.600792922646
2024-05-27 16:00:00.000,7225.600792922646
2024-05-28 00:00:00.000,7225.600792922646
2024-05-28 08:00:00.000,7225.600792922646
2024-05-28 16:00:00.000,7225.600792922646
2024-05-29 00:00:00.001,7225.600792922646
2024-05-29 08:00:00.000,7225.600792922646
2024-05-29 16:00:00.000,7225.600792922646
2024-05-30 00:00:00.000,7225.600792922646
2024-05-30 08:00:00.000,7296.862259930778
2024-05-30 16:00:00.000,7296.862259930778
2024-05-31 00:00:00.000,7296.862259930778
2024-05-31 08:00:00.000,7296.862259930778
2024-05-31 16:00:00.000,7296.862259930778
2024-06-01 00:00:00.000,7296.862259930778
2024-06-01 08:00:00.000,7296.862259930778
2024-06-01 16:00:00.001,7296.862259930778
2024-06-02 00:00:00.000,7296.862259930778
2024-06-02 08:00:00.000,7296.862259930778
2024-06-02 16:00:00.000,7296.862259930778
2024-06-03 00:00:00.000,7296.862259930778
2024-06-03 08:00:00.000,7296.862259930778
2024-06-03 16:00:00.000,6690.089920292273
2024-06-04 00:00:00.000,6690.089920292273
2024-06-04 08:00:00.000,6690.089920292273
2024-06-04 16:00:00.000,6690.089920292273
2024-06-05 00:00:00.000,6690.089920292273
2024-06-05 08:00:00.000,6690.089920292273
2024-06-05 16:00:00.000,6690.089920292273
2024-06-06 00:00:00.000,6690.089920292273
2024-06-06 08:00:00.008,6690.089920292273
2024-06-06 16:00:00.000,6690.089920292273
2024-06-07 00:00:00.000,6690.089920292273
2024-06-07 08:00:00.000,6690.089920292273
2024-06-07 16:00:00.000,6690.089920292273
2024-06-08 00:00:00.000,6632.041650829679
2024-06-08 08:00:00.000,6632.041650829679
2024-06-08 16:00:00.000,6632.041650829679
2024-06-09 00:00:00.000,6632.041650829679
2024-06-09 08:00:00.000,6632.041650829679
2024-06-09 16:00:00.001,6632.041650829679
2024-06-10 00:00:00.000,6632.041650829679
2024-06-10 08:00:00.000,6632.041650829679
2024-06-10 16:00:00.001,6632.041650829679
2024-06-11 00:00:00.001,6632.041650829679
2024-06-11 08:00:00.000,6632.041650829679
2024-06-11 16:00:00.000,6632.041650829679
2024-06-12 00:00:00.000,6632.041650829679
2024-06-12 08:00:00.000,6844.095005711973
2024-06-12 16:00:00.000,6844.095005711973
2024-06-13 00:00:00.000,6844.095005711973
2024-06-13 08:00:00.001,6844.095005711973
2024-06-13 16:00:00.000,6844.095005711973
2024-06-14 00:00:00.000,6844.095005711973
2024-06-14 08:00:00.000,6844.095005711973
2024-06-14 16:00:00.000,6844.095005711973
2024-06-15 00:00:00.000,6844.095005711973
2024-06-15 08:00:00.000,6844.095005711973
2024-06-15 16:00:00.000,6844.095005711973
2024-06-16 00:00:00.001,6844.095005711973
2024-06-16 08:00:00.000,6844.095005711973
2024-06-16 16:00:00.000,6728.733208650653
2024-06-17 00:00:00.000,6728.733208650653
2024-06-17 08:00:00.000,6728.733208650653
2024-06-17 16:00:00.000,6728.733208650653
2024-06-18 00:00:00.000,6728.733208650653
2024-06-18 08:00:00.000,6728.733208650653
2024-06-18 16:00:00.000,6728.733208650653
2024-06-19 00:00:00.001,6728.733208650653
2024-06-19 08:00:00.001,6728.733208650653
2024-06-19 16:00:00.000,6728.733208650653
2024-06-20 00:00:00.000,6728.733208650653
2024-06-20 08:00:00.000,6728.733208650653
2024-06-20 16:00:00.000,6728.733208650653
2024-06-21 00:00:00.000,6387.311750058295
2024-06-21 08:00:00.000,6387.311750058295
2024-06-21 16:00:00.000,6387.311750058295
2024-06-22 00:00:00.000,6387.311750058295
2024-06-22 08:00:00.000,6387.311750058295
2024-06-22 16:00:00.000,6387.311750058295
2024-06-23 00:00:00.000,6387.311750058295
2024-06-23 08:00:00.000,6387.311750058295
2024-06-23 16:00:00.000,6387.311750058295
2024-06-24 00:00:00.002,6387.311750058295
2024-06-24 08:00:00.000,6387.311750058295
2024-06-24 16:00:00.000,6387.311750058295
2024-06-25 00:00:00.000,6387.311750058295
2024-06-25 08:00:00.000,6101.472032263912
2024-06-25 16:00:00.000,6101.472032263912
2024-06-26 00:00:00.002,6101.472032263912
2024-06-26 08:00:00.000,6101.472032263912
2024-06-26 16:00:00.000,6101.472032263912
2024-06-27 00:00:00.000,6101.472032263912
2024-06-27 08:00:00.001,6101.472032263912
2024-06-27 16:00:00.000,6101.472032263912
2024-06-28 00:00:00.000,6101.472032263912
2024-06-28 08:00:00.000,6101.472032263912
2024-06-28 16:00:00.000,6101.472032263912
2024-06-29 00:00:00.001,6101.472032263912
2024-06-29 08:00:00.000,6101.472032263912
2024-06-29 16:00:00.000,6086.430209283948
2024-06-30 00:00:00.000,6086.430209283948
2024-06-30 08:00:00.000,6086.430209283948
2024-06-30 16:00:00.000,6086.430209283948
2024-07-01 00:00:00.000,6086.430209283948
2024-07-01 08:00:00.000,6086.430209283948
2024-07-01 16:00:00.001,6086.430209283948
2024-07-02 00:00:00.000,6086.430209283948
2024-07-02 08:00:00.000,6086.430209283948
2024-07-02 16:00:00.000,6086.430209283948
2024-07-03 00:00:00.000,6086.430209283948
2024-07-03 08:00:00.001,6086.430209283948
2024-07-03 16:00:00.000,6086.430209283948
2024-07-04 00:00:00.000,6209.463050309839
2024-07-04 08:00:00.000,6209.463050309839
2024-07-04 16:00:00.000,6209.463050309839
2024-07-05 00:00:00.000,6209.463050309839
2024-07-05 08:00:00.000,6209.463050309839
2024-07-05 16:00:00.000,6209.463050309839
2024-07-06 00:00:00.000,6209.463050309839
2024-07-06 08:00:00.000,6209.463050309839
2024-07-06 16:00:00.000,6209.463050309839
2024-07-07 00:00:00.001,6209.463050309839
2024-07-07 08:00:00.000,6209.463050309839
2024-07-07 16:00:00.000,6209.463050309839
2024-07-08 00:00:00.000,6209.463050309839
2024-07-08 08:00:00.000,6253.3321622072735
2024-07-08 16:00:00.000,6253.3321622072735
2024-07-09 00:00:00.000,6253.3321622072735
2024-07-09 08:00:00.001,6253.3321622072735
2024-07-09 16:00:00.000,6253.3321622072735
2024-07-10 00:00:00.000,6253.3321622072735
2024-07-10 08:00:00.000,6253.3321622072735
2024-07-10 16:00:00.000,6253.3321622072735
2024-07-11 00:00:00.002,6253.3321622072735
2024-07-11 08:00:00.002,6253.3321622072735
2024-07-11 16:00:00.004,6253.3321622072735
2024-07-12 00:00:00.000,6253.3321622072735
2024-07-12 08:00:00.000,6253.3321622072735
2024-07-12 16:00:00.000,6379.375553026697
2024-07-13 00:00:00.000,6379.375553026697
2024-07-13 08:00:00.000,6379.375553026697
2024-07-13 16:00:00.000,6379.375553026697
2024-07-14 00:00:00.000,6379.375553026697
2024-07-14 08:00:00.000,6379.375553026697
2024-07-14 16:00:00.000,6379.375553026697
2024-07-15 00:00:00.000,6379.375553026697
2024-07-15 08:00:00.000,6379.375553026697
2024-07-15 16:00:00.000,6379.375553026697
2024-07-16 00:00:00.000,6379.375553026697
2024-07-16 08:00:00.000,6379.375553026697
2024-07-16 16:00:00.000,6379.375553026697
2024-07-17 00:00:00.000,6334.070616162109
2024-07-17 08:00:00.001,6334.070616162109
2024-07-17 16:00:00.000,6334.070616162109
2024-07-18 00:00:00.000,6334.070616162109
2024-07-18 08:00:00.000,6334.070616162109
2024-07-18 16:00:00.000,6334.070616162109
2024-07-19 00:00:00.000,6334.070616162109
2024-07-19 08:00:00.000,6334.070616162109
2024-07-19 16:00:00.000,6334.070616162109
2024-07-20 00:00:00.001,6334.070616162109
2024-07-20 08:00:00.000,6334.070616162109
2024-07-20 16:00:00.000,6334.070616162109
2024-07-21 00:00:00.000,6334.070616162109
2024-07-21 08:00:00.000,6291.085195324533
2024-07-21 16:00:00.000,6291.085195324533
2024-07-22 00:00:00.000,6291.085195324533
2024-07-22 08:00:00.000,6291.085195324533
2024-07-22 16:00:00.000,6291.085195324533
2024-07-23 00:00:00.000,6291.085195324533
2024-07-23 08:00:00.000,6291.085195324533
2024-07-23 16:00:00.000,6291.085195324533
2024-07-24 00:00:00.000,6291.085195324533
2024-07-24 08:00:00.000,6291.085195324533
2024-07-24 16:00:00.000,6291.085195324533
2024-07-25 00:00:00.000,6291.085195324533
2024-07-25 08:00:00.000,6291.085195324533
2024-07-25 16:00:00.000,6111.9705028662465
2024-07-26 00:00:00.000,6111.9705028662465
2024-07-26 08:00:00.000,6111.9705028662465
2024-07-26 16:00:00.000,6111.9705028662465
2024-07-27 00:00:00.000,6111.9705028662465
2024-07-27 08:00:00.000,6111.9705028662465
2024-07-27 16:00:00.000,6111.9705028662465
2024-07-28 00:00:00.000,6111.9705028662465
2024-07-28 08:00:00.000,6111.9705028662465
2024-07-28 16:00:00.001,6111.9705028662465
2024-07-29 00:00:00.001,6111.9705028662465
2024-07-29 08:00:00.000,6111.9705028662465
2024-07-29 16:00:00.001,6111.9705028662465
2024-07-30 00:00:00.000,6186.830951044066
2024-07-30 08:00:00.001,6186.830951044066
2024-07-30 16:00:00.000,6186.830951044066
2024-07-31 00:00:00.000,6186.830951044066
2024-07-31 08:00:00.000,6186.830951044066
2024-07-31 16:00:00.000,6186.830951044066
2024-08-01 00:00:00.000,6186.830951044066
2024-08-01 08:00:00.000,6186.830951044066
2024-08-01 16:00:00.000,6186.830951044066
2024-08-02 00:00:00.000,6186.830951044066
2024-08-02 08:00:00.001,6186.830951044066
2024-08-02 16:00:00.000,6186.830951044066
2024-08-03 00:00:00.000,6186.830951044066
2024-08-03 08:00:00.000,6310.711786939231
2024-08-03 16:00:00.001,6310.711786939231
2024-08-04 00:00:00.000,6310.711786939231
2024-08-04 08:00:00.000,6310.711786939231
2024-08-04 16:00:00.000,6310.711786939231
2024-08-05 00:00:00.000,6310.711786939231
2024-08-05 08:00:00.000,6310.711786939231
2024-08-05 16:00:00.000,6310.711786939231
2024-08-06 00:00:00.000,6310.711786939231
2024-08-06 08:00:00.000,6310.711786939231
2024-08-06 16:00:00.000,6310.711786939231
2024-08-07 00:00:00.000,6310.711786939231
2024-08-07 08:00:00.001,6310.711786939231
2024-08-07 16:00:00.000,6374.902640954482
2024-08-08 00:00:00.001,6374.902640954482
2024-08-08 08:00:00.000,6374.902640954482
2024-08-08 16:00:00.000,6374.902640954482
2024-08-09 00:00:00.000,6374.902640954482
2024-08-09 08:00:00.000,6374.902640954482
2024-08-09 16:00:00.000,6374.902640954482
2024-08-10 00:00:00.000,6374.902640954482
2024-08-10 08:00:00.000,6374.902640954482
2024-08-10 16:00:00.000,6374.902640954482
2024-08-11 00:00:00.000,6374.902640954482
2024-08-11 08:00:00.000,6374.902640954482
2024-08-11 16:00:00.001,6374.902640954482
2024-08-12 00:00:00.000,6536.600626770708
2024-08-12 08:00:00.000,6536.600626770708
2024-08-12 16:00:00.000,6536.600626770708
2024-08-13 00:00:00.000,6536.600626770708
2024-08-13 08:00:00.000,6536.600626770708
2024-08-13 16:00:00.000,6536.600626770708
2024-08-14 00:00:00.000,6536.600626770708
2024-08-14 08:00:00.000,6536.600626770708
2024-08-14 16:00:00.000,6536.600626770708
2024-08-15 00:00:00.000,6536.600626770708
2024-08-15 08:00:00.000,6536.600626770708
2024-08-15 16:00:00.000,6536.600626770708
2024-08-16 00:00:00.000,6536.600626770708
2024-08-16 08:00:00.000,6528.069097322567
2024-08-16 16:00:00.000,6528.069097322567
2024-08-17 00:00:00.000,6528.069097322567
2024-08-17 08:00:00.000,6528.069097322567
2024-08-17 16:00:00.000,6528.069097322567
2024-08-18 00:00:00.000,6528.069097322567
2024-08-18 08:00:00.000,6528.069097322567
2024-08-18 16:00:00.000,6528.069097322567
2024-08-19 00:00:00.000,6528.069097322567
2024-08-19 08:00:00.000,6528.069097322567
2024-08-19 16:00:00.002,6528.069097322567
2024-08-20 00:00:00.000,6528.069097322567
2024-08-20 08:00:00.000,6528.069097322567
2024-08-20 16:00:00.001,6180.7510372792785
2024-08-21 00:00:00.001,6180.7510372792785
2024-08-21 08:00:00.000,6180.7510372792785
2024-08-21 16:00:00.001,6180.7510372792785
2024-08-22 00:00:00.000,6180.7510372792785
2024-08-22 08:00:00.000,6180.7510372792785
2024-08-22 16:00:00.008,6180.7510372792785
2024-08-23 00:00:00.000,6180.7510372792785
2024-08-23 08:00:00.000,6180.7510372792785
2024-08-23 16:00:00.000,6180.7510372792785
2024-08-24 00:00:00.000,6180.7510372792785
2024-08-24 08:00:00.005,6180.7510372792785
2024-08-24 16:00:00.000,6180.7510372792785
2024-08-25 00:00:00.000,6219.805104110621
2024-08-25 08:00:00.000,6219.805104110621
2024-08-25 16:00:00.000,6219.805104110621
2024-08-26 00:00:00.000,6219.805104110621
2024-08-26 08:00:00.001,6219.805104110621
2024-08-26 16:00:00.000,6219.805104110621
2024-08-27 00:00:00.001,6219.805104110621
2024-08-27 08:00:00.000,6219.805104110621
2024-08-27 16:00:00.000,6219.805104110621
2024-08-28 00:00:00.000,6219.805104110621
2024-08-28 08:00:00.000,6219.805104110621
2024-08-28 16:00:00.001,6219.805104110621
2024-08-29 00:00:00.000,6219.805104110621
2024-08-29 08:00:00.001,6284.77413950642
2024-08-29 16:00:00.000,6284.77413950642
2024-08-30 00:00:00.000,6284.77413950642
2024-08-30 08:00:00.000,6284.77413950642
2024-08-30 16:00:00.000,6284.77413950642
2024-08-31 00:00:00.000,6284.77413950642
2024-08-31 08:00:00.000,6284.77413950642
2024-08-31 16:00:00.000,6284.77413950642
2024-09-01 00:00:00.000,6284.77413950642
2024-09-01 08:00:00.001,6284.77413950642
2024-09-01 16:00:00.000,6284.77413950642
2024-09-02 00:00:00.001,6284.77413950642
2024-09-02 08:00:00.001,6284.77413950642
2024-09-02 16:00:00.000,6340.9358721163635
2024-09-03 00:00:00.000,6340.9358721163635
2024-09-03 08:00:00.001,6340.9358721163635
2024-09-03 16:00:00.000,6340.9358721163635
2024-09-04 00:00:00.000,6340.9358721163635
2024-09-04 08:00:00.000,6340.9358721163635
2024-09-04 16:00:00.000,6340.9358721163635
2024-09-05 00:00:00.000,6340.9358721163635
2024-09-05 08:00:00.000,6340.9358721163635
2024-09-05 16:00:00.005,6340.9358721163635
2024-09-06 00:00:00.000,6340.9358721163635
2024-09-06 08:00:00.001,6340.9358721163635
2024-09-06 16:00:00.000,6340.9358721163635
2024-09-07 00:00:00.000,6266.415519562811
2024-09-07 08:00:00.000,6266.415519562811
2024-09-07 16:00:00.000,6266.415519562811
2024-09-08 00:00:00.000,6266.415519562811
2024-09-08 08:00:00.000,6266.415519562811
2024-09-08 16:00:00.000,6266.415519562811
2024-09-09 00:00:00.000,6266.415519562811
2024-09-09 08:00:00.000,6266.415519562811
2024-09-09 16:00:00.001,6266.415519562811
2024-09-10 00:00:00.000,6266.415519562811
2024-09-10 08:00:00.000,6266.415519562811
2024-09-10 16:00:00.000,6266.415519562811
2024-09-11 00:00:00.000,6266.415519562811
2024-09-11 08:00:00.000,6255.77220136802
2024-09-11 16:00:00.000,6255.77220136802
2024-09-12 00:00:00.000,6255.77220136802
2024-09-12 08:00:00.000,6255.77220136802
2024-09-12 16:00:00.000,6255.77220136802
2024-09-13 00:00:00.000,6255.77220136802
2024-09-13 08:00:00.001,6255.77220136802
2024-09-13 16:00:00.001,6255.77220136802
2024-09-14 00:00:00.000,6255.77220136802
2024-09-14 08:00:00.000,6255.77220136802
2024-09-14 16:00:00.001,6255.77220136802
2024-09-15 00:00:00.000,6255.77220136802
2024-09-15 08:00:00.000,6255.77220136802
2024-09-15 16:00:00.000,6327.229224455342
2024-09-16 00:00:00.000,6327.229224455342
2024-09-16 08:00:00.001,6327.229224455342
2024-09-16 16:00:00.000,6327.229224455342
2024-09-17 00:00:00.001,6327.229224455342
2024-09-17 08:00:00.000,6327.229224455342
2024-09-17 16:00:00.000,6327.229224455342
2024-09-18 00:00:00.000,6327.229224455342
2024-09-18 08:00:00.000,6327.229224455342
2024-09-18 16:00:00.004,6327.229224455342
2024-09-19 00:00:00.000,6327.229224455342
2024-09-19 08:00:00.000,6327.229224455342
2024-09-19 16:00:00.001,6327.229224455342
2024-09-20 00:00:00.000,6732.437448558876
2024-09-20 08:00:00.001,6732.437448558876
2024-09-20 16:00:00.000,6732.437448558876
2024-09-21 00:00:00.001,6732.437448558876
2024-09-21 08:00:00.000,6732.437448558876
2024-09-21 16:00:00.000,6732.437448558876
2024-09-22 00:00:00.000,6732.437448558876
2024-09-22 08:00:00.000,6732.437448558876
2024-09-22 16:00:00.000,6732.437448558876
2024-09-23 00:00:00.000,6732.437448558876
2024-09-23 08:00:00.000,6732.437448558876
2024-09-23 16:00:00.000,6732.437448558876
2024-09-24 00:00:00.000,6732.437448558876
2024-09-24 08:00:00.000,7314.304123223414
2024-09-24 16:00:00.001,7314.304123223414
2024-09-25 00:00:00.000,7314.304123223414
2024-09-25 08:00:00.003,7314.304123223414
2024-09-25 16:00:00.000,7314.304123223414
2024-09-26 00:00:00.005,7314.304123223414
2024-09-26 08:00:00.000,7314.304123223414
2024-09-26 16:00:00.000,7314.304123223414
2024-09-27 00:00:00.000,7314.304123223414
2024-09-27 08:00:00.000,7314.304123223414
2024-09-27 16:00:00.000,7314.304123223414
2024-09-28 00:00:00.000,7314.304123223414
2024-09-28 08:00:00.001,7314.304123223414
2024-09-28 16:00:00.000,9309.939251130218
2024-09-29 00:00:00.001,9309.939251130218
2024-09-29 08:00:00.000,9309.939251130218
2024-09-29 16:00:00.000,9309.939251130218
2024-09-30 00:00:00.000,9309.939251130218
2024-09-30 08:00:00.001,9309.939251130218
2024-09-30 16:00:00.000,9309.939251130218
2024-10-01 00:00:00.000,9309.939251130218
2024-10-01 08:00:00.000,9309.939251130218
2024-10-01 16:00:00.001,9309.939251130218
2024-10-02 00:00:00.000,9309.939251130218
2024-10-02 08:00:00.000,9309.939251130218
2024-10-02 16:00:00.000,9309.939251130218
2024-10-03 00:00:00.000,8999.571573259836
2024-10-03 08:00:00.000,8999.571573259836
2024-10-03 16:00:00.000,8999.571573259836
2024-10-04 00:00:00.000,8999.571573259836
2024-10-04 08:00:00.000,8999.571573259836
2024-10-04 16:00:00.001,8999.571573259836
2024-10-05 00:00:00.000,8999.571573259836
2024-10-05 08:00:00.000,8999.571573259836
2024-10-05 16:00:00.000,8999.571573259836
2024-10-06 00:00:00.000,8999.571573259836
2024-10-06 08:00:00.001,8999.571573259836
2024-10-06 16:00:00.000,8999.571573259836
2024-10-07 00:00:00.000,8999.571573259836
2024-10-07 08:00:00.000,8869.646275023502
2024-10-07 16:00:00.001,8869.646275023502
2024-10-08 00:00:00.000,8869.646275023502
2024-10-08 08:00:00.000,8869.646275023502
2024-10-08 16:00:00.000,8869.646275023502
2024-10-09 00:00:00.000,8869.646275023502
2024-10-09 08:00:00.000,8869.646275023502
2024-10-09 16:00:00.000,8869.646275023502
2024-10-10 00:00:00.000,8869.646275023502
2024-10-10 08:00:00.000,8869.646275023502
2024-10-10 16:00:00.000,8869.646275023502
2024-10-11 00:00:00.000,8869.646275023502
2024-10-11 08:00:00.000,8869.646275023502
2024-10-11 16:00:00.001,11021.04531185769
2024-10-12 00:00:00.000,11021.04531185769
2024-10-12 08:00:00.001,11021.04531185769
2024-10-12 16:00:00.000,11021.04531185769
2024-10-13 00:00:00.000,11021.04531185769
2024-10-13 08:00:00.000,11021.04531185769
2024-10-13 16:00:00.000,11021.04531185769
2024-10-14 00:00:00.000,11021.04531185769
2024-10-14 08:00:00.000,11021.04531185769
2024-10-14 16:00:00.000,11021.04531185769
2024-10-15 00:00:00.000,11021.04531185769
2024-10-15 08:00:00.000,11021.04531185769
2024-10-15 16:00:00.000,11021.04531185769
2024-10-16 00:00:00.000,11436.594708418586
2024-10-16 08:00:00.001,11436.594708418586
2024-10-16 16:00:00.000,11436.594708418586
2024-10-17 00:00:00.000,11436.594708418586
2024-10-17 08:00:00.000,11436.594708418586
2024-10-17 16:00:00.001,11436.594708418586
2024-10-18 00:00:00.010,11436.594708418586
2024-10-18 08:00:00.001,11436.594708418586
2024-10-18 16:00:00.000,11436.594708418586
2024-10-19 00:00:00.000,11436.594708418586
2024-10-19 08:00:00.000,11436.594708418586
2024-10-19 16:00:00.000,11436.594708418586
2024-10-20 00:00:00.000,11436.594708418586
2024-10-20 08:00:00.000,11772.041520608756
2024-10-20 16:00:00.000,11772.041520608756
2024-10-21 00:00:00.000,11772.041520608756
2024-10-21 08:00:00.000,11772.041520608756
2024-10-21 16:00:00.000,11772.041520608756
2024-10-22 00:00:00.000,11772.041520608756
2024-10-22 08:00:00.000,11772.041520608756
2024-10-22 16:00:00.000,11772.041520608756
2024-10-23 00:00:00.000,11772.041520608756
2024-10-23 08:00:00.000,11772.041520608756
2024-10-23 16:00:00.000,11772.041520608756
2024-10-24 00:00:00.000,11772.041520608756
2024-10-24 08:00:00.000,11772.041520608756
2024-10-24 16:00:00.000,11772.041520608756
2024-10-25 00:00:00.000,11549.624332598762
2024-10-25 08:00:00.000,11549.624332598762
2024-10-25 16:00:00.000,11549.624332598762
2024-10-26 00:00:00.000,11549.624332598762
2024-10-26 08:00:00.001,11549.624332598762
2024-10-26 16:00:00.000,11549.624332598762
2024-10-27 00:00:00.000,11549.624332598762
2024-10-27 08:00:00.000,11549.624332598762
2024-10-27 16:00:00.000,11549.624332598762
2024-10-28 00:00:00.000,11549.624332598762
2024-10-28 08:00:00.001,11549.624332598762
2024-10-28 16:00:00.000,11549.624332598762
2024-10-29 00:00:00.000,11549.624332598762
2024-10-29 08:00:00.000,11165.14943792386
2024-10-29 16:00:00.004,11165.14943792386
2024-10-30 00:00:00.000,11165.14943792386
2024-10-30 08:00:00.000,11165.14943792386
2024-10-30 16:00:00.013,11165.14943792386
2024-10-31 00:00:00.000,11165.14943792386
2024-10-31 08:00:00.000,11165.14943792386
2024-10-31 16:00:00.000,11165.14943792386
2024-11-01 00:00:00.000,11165.14943792386
2024-11-01 08:00:00.000,11165.14943792386
2024-11-01 16:00:00.000,11165.14943792386
2024-11-02 00:00:00.000,11165.14943792386
2024-11-02 08:00:00.000,11165.14943792386
2024-11-02 16:00:00.000,11304.071622411762
2024-11-03 00:00:00.000,11304.071622411762
2024-11-03 08:00:00.000,11304.071622411762
2024-11-03 16:00:00.000,11304.071622411762
2024-11-04 00:00:00.000,11304.071622411762
2024-11-04 08:00:00.000,11304.071622411762
2024-11-04 16:00:00.000,11304.071622411762
2024-11-05 00:00:00.000,11304.071622411762
2024-11-05 08:00:00.003,11304.071622411762
2024-11-05 16:00:00.001,11304.071622411762
2024-11-06 00:00:00.000,11304.071622411762
2024-11-06 08:00:00.000,11304.071622411762
2024-11-06 16:00:00.000,11304.071622411762
2024-11-07 00:00:00.000,11493.000115221606
2024-11-07 08:00:00.000,11493.000115221606
2024-11-07 16:00:00.000,11493.000115221606
2024-11-08 00:00:00.000,11493.000115221606
2024-11-08 08:00:00.000,11493.000115221606
2024-11-08 16:00:00.000,11493.000115221606
2024-11-09 00:00:00.000,11493.000115221606
2024-11-09 08:00:00.000,11493.000115221606
2024-11-09 16:00:00.000,11493.000115221606
2024-11-10 00:00:00.000,11493.000115221606
2024-11-10 08:00:00.000,11493.000115221606
2024-11-10 16:00:00.000,11493.000115221606
2024-11-11 00:00:00.001,11493.000115221606
2024-11-11 08:00:00.000,10701.014168800046
2024-11-11 16:00:00.000,10701.014168800046
2024-11-12 00:00:00.002,10701.014168800046
2024-11-12 08:00:00.000,10701.014168800046
2024-11-12 16:00:00.000,10701.014168800046
2024-11-13 00:00:00.000,10701.014168800046
2024-11-13 08:00:00.010,10701.014168800046
2024-11-13 16:00:00.000,10701.014168800046
2024-11-14 00:00:00.001,10701.014168800046
2024-11-14 08:00:00.000,10701.014168800046
2024-11-14 16:00:00.000,10701.014168800046
2024-11-15 00:00:00.000,10701.014168800046
2024-11-15 08:00:00.000,10701.014168800046
2024-11-15 16:00:00.000,10512.422369799358
2024-11-16 00:00:00.001,10512.422369799358
2024-11-16 08:00:00.001,10512.422369799358
2024-11-16 16:00:00.000,10512.422369799358
2024-11-17 00:00:00.000,10512.422369799358
2024-11-17 08:00:00.000,10512.422369799358
2024-11-17 16:00:00.001,10512.422369799358
2024-11-18 00:00:00.000,10512.422369799358
2024-11-18 08:00:00.000,10512.422369799358
2024-11-18 16:00:00.000,10512.422369799358
2024-11-19 00:00:00.000,10512.422369799358
2024-11-19 08:00:00.000,10512.422369799358
2024-11-19 16:00:00.000,10512.422369799358
2024-11-20 00:00:00.003,9894.594480784082
2024-11-20 08:00:00.000,9894.594480784082
2024-11-20 16:00:00.000,9894.594480784082
2024-11-21 00:00:00.001,9894.594480784082
2024-11-21 08:00:00.000,9894.594480784082
2024-11-21 16:00:00.001,9894.594480784082
2024-11-22 00:00:00.000,9894.594480784082
2024-11-22 08:00:00.000,9894.594480784082
2024-11-22 16:00:00.001,9894.594480784082
2024-11-23 00:00:00.000,9894.594480784082
2024-11-23 08:00:00.000,9894.594480784082
2024-11-23 16:00:00.000,9894.594480784082
2024-11-24 00:00:00.001,9894.594480784082
2024-11-24 08:00:00.000,8549.420871061651
2024-11-24 16:00:00.000,8549.420871061651
2024-11-25 00:00:00.000,8549.420871061651
2024-11-25 08:00:00.000,8549.420871061651
2024-11-25 16:00:00.000,8549.420871061651
2024-11-26 00:00:00.000,8549.420871061651
2024-11-26 08:00:00.000,8549.420871061651
2024-11-26 16:00:00.000,8549.420871061651
2024-11-27 00:00:00.000,8549.420871061651
2024-11-27 08:00:00.000,8549.420871061651
2024-11-27 16:00:00.001,8549.420871061651
2024-11-28 00:00:00.000,8549.420871061651
2024-11-28 08:00:00.000,8549.420871061651
2024-11-28 16:00:00.000,8140.738671589418
2024-11-29 00:00:00.000,8140.738671589418
2024-11-29 08:00:00.000,8140.738671589418
2024-11-29 16:00:00.000,8140.738671589418
2024-11-30 00:00:00.000,8140.738671589418
2024-11-30 08:00:00.000,8140.738671589418
2024-11-30 16:00:00.000,8140.738671589418
2024-12-01 00:00:00.000,8140.738671589418
2024-12-01 08:00:00.000,8140.738671589418
2024-12-01 16:00:00.000,8140.738671589418
2024-12-02 00:00:00.001,8140.738671589418
2024-12-02 08:00:00.001,8140.738671589418
2024-12-02 16:00:00.000,8140.738671589418
2024-12-03 00:00:00.000,8310.477976376324
2024-12-03 08:00:00.000,8310.477976376324
2024-12-03 16:00:00.000,8310.477976376324
2024-12-04 00:00:00.000,8310.477976376324
2024-12-04 08:00:00.000,8310.477976376324
2024-12-04 16:00:00.000,8310.477976376324
2024-12-05 00:00:00.001,8310.477976376324
2024-12-05 08:00:00.000,8310.477976376324
2024-12-05 16:00:00.000,8310.477976376324
2024-12-06 00:00:00.000,8310.477976376324
2024-12-06 08:00:00.000,8310.477976376324
2024-12-06 16:00:00.000,8310.477976376324
2024-12-07 00:00:00.000,8310.477976376324
2024-12-07 08:00:00.000,8403.663377754005
2024-12-07 16:00:00.000,8403.663377754005
2024-12-08 00:00:00.000,8403.663377754005
2024-12-08 08:00:00.000,8403.663377754005
2024-12-08 16:00:00.000,8403.663377754005
2024-12-09 00:00:00.000,8403.663377754005
2024-12-09 08:00:00.000,8403.663377754005
2024-12-09 16:00:00.001,8403.663377754005
2024-12-10 00:00:00.007,8403.663377754005
2024-12-10 08:00:00.000,8403.663377754005
2024-12-10 16:00:00.000,8403.663377754005
2024-12-11 00:00:00.000,8403.663377754005
2024-12-11 08:00:00.000,8403.663377754005
2024-12-11 16:00:00.001,8303.226854737753
2024-12-12 00:00:00.001,8303.226854737753
2024-12-12 08:00:00.000,8303.226854737753
2024-12-12 16:00:00.001,8303.226854737753
2024-12-13 00:00:00.000,8303.226854737753
2024-12-13 08:00:00.000,8303.226854737753
2024-12-13 16:00:00.001,8303.226854737753
2024-12-14 00:00:00.000,8303.226854737753
2024-12-14 08:00:00.000,8303.226854737753
2024-12-14 16:00:00.000,8303.226854737753
2024-12-15 00:00:00.000,8303.226854737753
2024-12-15 08:00:00.000,8303.226854737753
2024-12-15 16:00:00.000,8303.226854737753
2024-12-16 00:00:00.000,8048.545036171368
2024-12-16 08:00:00.001,8048.545036171368
2024-12-16 16:00:00.000,8048.545036171368
2024-12-17 00:00:00.000,8048.545036171368
2024-12-17 08:00:00.000,8048.545036171368
2024-12-17 16:00:00.000,8048.545036171368
2024-12-18 00:00:00.000,8048.545036171368
2024-12-18 08:00:00.000,8048.545036171368
2024-12-18 16:00:00.000,8048.545036171368
2024-12-19 00:00:00.000,8048.545036171368
2024-12-19 08:00:00.000,8048.545036171368
2024-12-19 16:00:00.000,8048.545036171368
2024-12-20 00:00:00.000,8048.545036171368
2024-12-20 08:00:00.001,7949.417857775141
2024-12-20 16:00:00.014,7949.417857775141
2024-12-21 00:00:00.000,7949.417857775141
2024-12-21 08:00:00.000,7949.417857775141
2024-12-21 16:00:00.001,7949.417857775141
2024-12-22 00:00:00.000,7949.417857775141
2024-12-22 08:00:00.000,7949.417857775141
2024-12-22 16:00:00.000,7949.417857775141
2024-12-23 00:00:00.000,7949.417857775141
2024-12-23 08:00:00.000,7949.417857775141
2024-12-23 16:00:00.001,7949.417857775141
2024-12-24 00:00:00.000,7949.417857775141
2024-12-24 08:00:00.000,7949.417857775141
2024-12-24 16:00:00.001,8405.95499911076
2024-12-25 00:00:00.001,8405.95499911076
2024-12-25 08:00:00.000,8405.95499911076
2024-12-25 16:00:00.000,8405.95499911076
2024-12-26 00:00:00.000,8405.95499911076
2024-12-26 08:00:00.000,8405.95499911076
2024-12-26 16:00:00.000,8405.95499911076
2024-12-27 00:00:00.000,8405.95499911076
2024-12-27 08:00:00.000,8405.95499911076
2024-12-27 16:00:00.000,8405.95499911076
2024-12-28 00:00:00.001,8405.95499911076
2024-12-28 08:00:00.000,8405.95499911076
2024-12-28 16:00:00.000,8405.95499911076
2024-12-29 00:00:00.000,8048.411791148126
2024-12-29 08:00:00.000,8048.411791148126
2024-12-29 16:00:00.000,8048.411791148126
2024-12-30 00:00:00.000,8048.411791148126
2024-12-30 08:00:00.001,8048.411791148126
2024-12-30 16:00:00.000,8048.411791148126
2024-12-31 00:00:00.000,8048.411791148126
2024-12-31 08:00:00.000,8048.411791148126
2024-12-31 16:00:00.000,8048.411791148126
2025-01-01 00:00:00.015,8048.411791148126
2025-01-01 08:00:00.000,8048.411791148126
2025-01-01 16:00:00.001,8048.411791148126
2025-01-02 00:00:00.000,8048.411791148126
2025-01-02 08:00:00.006,7986.07896937616
2025-01-02 16:00:00.000,7986.07896937616
2025-01-03 00:00:00.000,7986.07896937616
2025-01-03 08:00:00.000,7986.07896937616
2025-01-03 16:00:00.000,7986.07896937616
2025-01-04 00:00:00.000,7986.07896937616
2025-01-04 08:00:00.000,7986.07896937616
2025-01-04 16:00:00.000,7986.07896937616
2025-01-05 00:00:00.000,7986.07896937616
2025-01-05 08:00:00.000,7986.07896937616
2025-01-05 16:00:00.000,7986.07896937616
2025-01-06 00:00:00.000,7986.07896937616
2025-01-06 08:00:00.001,7986.07896937616
2025-01-06 16:00:00.000,8165.5694718238465
2025-01-07 00:00:00.000,8165.5694718238465
2025-01-07 08:00:00.000,8165.5694718238465
2025-01-07 16:00:00.008,8165.5694718238465
2025-01-08 00:00:00.001,8165.5694718238465
2025-01-08 08:00:00.000,8165.5694718238465
2025-01-08 16:00:00.000,8165.5694718238465
2025-01-09 00:00:00.000,8165.5694718238465
2025-01-09 08:00:00.000,8165.5694718238465
2025-01-09 16:00:00.000,8165.5694718238465
2025-01-10 00:00:00.000,8165.5694718238465
2025-01-10 08:00:00.000,8165.5694718238465
2025-01-10 16:00:00.000,8165.5694718238465
2025-01-11 00:00:00.000,7862.723807286087
2025-01-11 08:00:00.000,7862.723807286087
2025-01-11 16:00:00.000,7862.723807286087
2025-01-12 00:00:00.000,7862.723807286087
2025-01-12 08:00:00.000,7862.723807286087
2025-01-12 16:00:00.000,7862.723807286087
2025-01-13 00:00:00.000,7862.723807286087
2025-01-13 08:00:00.000,7862.723807286087
2025-01-13 16:00:00.000,7862.723807286087
2025-01-14 00:00:00.000,7862.723807286087
2025-01-14 08:00:00.000,7862.723807286087
2025-01-14 16:00:00.000,7862.723807286087
2025-01-15 00:00:00.000,7862.723807286087
2025-01-15 08:00:00.000,7953.978412769823
2025-01-15 16:00:00.000,7953.978412769823
2025-01-16 00:00:00.000,7953.978412769823
2025-01-16 08:00:00.000,7953.978412769823
2025-01-16 16:00:00.000,7953.978412769823
2025-01-17 00:00:00.004,7953.978412769823
2025-01-17 08:00:00.000,7953.978412769823
2025-01-17 16:00:00.008,7953.978412769823
2025-01-18 00:00:00.000,7953.978412769823
2025-01-18 08:00:00.007,7953.978412769823
2025-01-18 16:00:00.000,7953.978412769823
2025-01-19 00:00:00.000,7953.978412769823
2025-01-19 08:00:00.000,7953.978412769823
2025-01-19 16:00:00.000,7997.668650145469
2025-01-20 00:00:00.000,7997.668650145469
2025-01-20 08:00:00.009,7997.668650145469
2025-01-20 16:00:00.000,7997.668650145469
2025-01-21 00:00:00.000,7997.668650145469
2025-01-21 08:00:00.000,7997.668650145469
2025-01-21 16:00:00.000,7997.668650145469
2025-01-22 00:00:00.000,7997.668650145469
2025-01-22 08:00:00.000,7997.668650145469
2025-01-22 16:00:00.000,7997.668650145469
2025-01-23 00:00:00.001,7997.668650145469
2025-01-23 08:00:00.000,7997.668650145469
2025-01-23 16:00:00.000,7997.668650145469
2025-01-24 00:00:00.000,7906.043638480558
2025-01-24 08:00:00.000,7906.043638480558
2025-01-24 16:00:00.000,7906.043638480558
2025-01-25 00:00:00.000,7906.043638480558
2025-01-25 08:00:00.000,7906.043638480558
2025-01-25 16:00:00.001,7906.043638480558
2025-01-26 00:00:00.000,7906.043638480558
2025-01-26 08:00:00.000,7906.043638480558
2025-01-26 16:00:00.000,7906.043638480558
2025-01-27 00:00:00.000,7906.043638480558
2025-01-27 08:00:00.000,7906.043638480558
2025-01-27 16:00:00.000,7906.043638480558
2025-01-28 00:00:00.000,7906.043638480558
2025-01-28 08:00:00.000,8183.773931943348
2025-01-28 16:00:00.000,8183.773931943348
2025-01-29 00:00:00.000,8183.773931943348
2025-01-29 08:00:00.000,8183.773931943348
2025-01-29 16:00:00.000,8183.773931943348
2025-01-30 00:00:00.000,8183.773931943348
2025-01-30 08:00:00.000,8183.773931943348
2025-01-30 16:00:00.000,8183.773931943348
2025-01-31 00:00:00.000,8183.773931943348
2025-01-31 08:00:00.000,8183.773931943348
2025-01-31 16:00:00.000,8183.773931943348
2025-02-01 00:00:00.000,8183.773931943348
2025-02-01 08:00:00.000,8183.773931943348
2025-02-01 16:00:00.000,8117.691409776949
2025-02-02 00:00:00.001,8117.691409776949
2025-02-02 08:00:00.000,8117.691409776949
2025-02-02 16:00:00.000,8117.691409776949
2025-02-03 00:00:00.000,8117.691409776949
2025-02-03 08:00:00.000,8117.691409776949
2025-02-03 16:00:00.000,8117.691409776949
2025-02-04 00:00:00.000,8117.691409776949
2025-02-04 08:00:00.001,8117.691409776949
2025-02-04 16:00:00.000,8117.691409776949
2025-02-05 00:00:00.001,8117.691409776949
2025-02-05 08:00:00.001,8117.691409776949
2025-02-05 16:00:00.000,8117.691409776949
2025-02-06 00:00:00.001,8427.40721132535
2025-02-06 08:00:00.001,8427.40721132535
2025-02-06 16:00:00.000,8427.40721132535
2025-02-07 00:00:00.000,8427.40721132535
2025-02-07 08:00:00.000,8427.40721132535
2025-02-07 16:00:00.000,8427.40721132535
2025-02-08 00:00:00.000,8427.40721132535
2025-02-08 08:00:00.000,8427.40721132535
2025-02-08 16:00:00.000,8427.40721132535
2025-02-09 00:00:00.000,8427.40721132535
2025-02-09 08:00:00.000,8427.40721132535
2025-02-09 16:00:00.000,8427.40721132535
2025-02-10 00:00:00.000,8427.40721132535
2025-02-10 08:00:00.000,8105.389506599876
2025-02-10 16:00:00.000,8105.389506599876
2025-02-11 00:00:00.000,8105.389506599876
2025-02-11 08:00:00.000,8105.389506599876
2025-02-11 16:00:00.000,8105.389506599876
2025-02-12 00:00:00.000,8105.389506599876
2025-02-12 08:00:00.000,8105.389506599876
2025-02-12 16:00:00.001,8105.389506599876
2025-02-13 00:00:00.001,8105.389506599876
2025-02-13 08:00:00.000,8105.389506599876
2025-02-13 16:00:00.001,8105.389506599876
2025-02-14 00:00:00.000,8105.389506599876
2025-02-14 08:00:00.001,8105.389506599876
2025-02-14 16:00:00.000,7974.986597497993
2025-02-15 00:00:00.000,7974.986597497993
2025-02-15 08:00:00.000,7974.986597497993
2025-02-15 16:00:00.000,7974.986597497993
2025-02-16 00:00:00.000,7974.986597497993
2025-02-16 08:00:00.000,7974.986597497993
2025-02-16 16:00:00.000,7974.986597497993
2025-02-17 00:00:00.000,7974.986597497993
2025-02-17 08:00:00.000,7974.986597497993
2025-02-17 16:00:00.000,7974.986597497993
2025-02-18 00:00:00.000,7974.986597497993
2025-02-18 08:00:00.000,7974.986597497993
2025-02-18 16:00:00.000,7974.986597497993
2025-02-19 00:00:00.000,7984.342074840774
2025-02-19 08:00:00.000,7984.342074840774
2025-02-19 16:00:00.000,7984.342074840774
2025-02-20 00:00:00.000,7984.342074840774
2025-02-20 08:00:00.000,7984.342074840774
2025-02-20 16:00:00.000,7984.342074840774
2025-02-21 00:00:00.001,7984.342074840774
2025-02-21 08:00:00.000,7984.342074840774
2025-02-21 16:00:00.000,7984.342074840774
2025-02-22 00:00:00.000,7984.342074840774
2025-02-22 08:00:00.000,7984.342074840774
2025-02-22 16:00:00.000,7984.342074840774
2025-02-23 00:00:00.000,7984.342074840774
2025-02-23 08:00:00.000,7932.812137494561
2025-02-23 16:00:00.000,7932.812137494561
2025-02-24 00:00:00.000,7932.812137494561
2025-02-24 08:00:00.000,7932.812137494561
2025-02-24 16:00:00.000,7932.812137494561
2025-02-25 00:00:00.000,7932.812137494561
2025-02-25 08:00:00.000,7932.812137494561
2025-02-25 16:00:00.000,7932.812137494561
2025-02-26 00:00:00.000,7932.812137494561
2025-02-26 08:00:00.000,7932.812137494561
2025-02-26 16:00:00.000,7932.812137494561
2025-02-27 00:00:00.001,7932.812137494561
2025-02-27 08:00:00.000,7932.812137494561
2025-02-27 16:00:00.000,7929.916014604323
2025-02-28 00:00:00.001,7929.916014604323
2025-02-28 08:00:00.000,7929.916014604323
2025-02-28 16:00:00.000,7929.916014604323
2025-03-01 00:00:00.000,7929.916014604323
2025-03-01 08:00:00.000,7929.916014604323
2025-03-01 16:00:00.001,7929.916014604323
2025-03-02 00:00:00.000,7929.916014604323
2025-03-02 08:00:00.000,7929.916014604323
2025-03-02 16:00:00.000,7929.916014604323
2025-03-03 00:00:00.001,7929.916014604323
2025-03-03 08:00:00.000,7929.916014604323
2025-03-03 16:00:00.000,7929.916014604323
2025-03-04 00:00:00.001,8035.942306667745
2025-03-04 08:00:00.005,8035.942306667745
2025-03-04 16:00:00.000,8035.942306667745
2025-03-05 00:00:00.000,8035.942306667745
2025-03-05 08:00:00.000,8035.942306667745
2025-03-05 16:00:00.000,8035.942306667745
2025-03-06 00:00:00.000,8035.942306667745
2025-03-06 08:00:00.001,8035.942306667745
2025-03-06 16:00:00.000,8035.942306667745
2025-03-07 00:00:00.000,8035.942306667745
2025-03-07 08:00:00.001,8035.942306667745
2025-03-07 16:00:00.000,8035.942306667745
2025-03-08 00:00:00.000,8035.942306667745
2025-03-08 08:00:00.001,8798.043714528361
2025-03-08 16:00:00.001,8798.043714528361
2025-03-09 00:00:00.001,8798.043714528361
2025-03-09 08:00:00.000,8798.043714528361
2025-03-09 16:00:00.000,8798.043714528361
2025-03-10 00:00:00.000,8798.043714528361
2025-03-10 08:00:00.000,8798.043714528361
2025-03-10 16:00:00.000,8798.043714528361
2025-03-11 00:00:00.000,8798.043714528361
2025-03-11 08:00:00.000,8798.043714528361
2025-03-11 16:00:00.001,8798.043714528361
2025-03-12 00:00:00.000,8798.043714528361
2025-03-12 08:00:00.000,8798.043714528361
2025-03-12 16:00:00.001,8728.35087258799
2025-03-13 00:00:00.000,8728.35087258799
2025-03-13 08:00:00.000,8728.35087258799
2025-03-13 16:00:00.000,8728.35087258799
2025-03-14 00:00:00.000,8728.35087258799
2025-03-14 08:00:00.000,8728.35087258799
2025-03-14 16:00:00.000,8728.35087258799
2025-03-15 00:00:00.000,8728.35087258799
2025-03-15 08:00:00.000,8728.35087258799
2025-03-15 16:00:00.000,8728.35087258799
2025-03-16 00:00:00.000,8728.35087258799
2025-03-16 08:00:00.000,8728.35087258799
2025-03-16 16:00:00.000,8728.35087258799
2025-03-17 00:00:00.000,9117.519383972805
2025-03-17 08:00:00.000,9117.519383972805
2025-03-17 16:00:00.000,9117.519383972805
2025-03-18 00:00:00.000,9117.519383972805
2025-03-18 08:00:00.000,9117.519383972805
2025-03-18 16:00:00.000,9117.519383972805
2025-03-19 00:00:00.000,9117.519383972805
2025-03-19 08:00:00.000,9117.519383972805
2025-03-19 16:00:00.000,9117.519383972805
2025-03-20 00:00:00.000,9117.519383972805
2025-03-20 08:00:00.000,9117.519383972805
2025-03-20 16:00:00.000,9117.519383972805
2025-03-21 00:00:00.000,9117.519383972805
2025-03-21 08:00:00.000,9262.222013162358
2025-03-21 16:00:00.000,9262.222013162358
2025-03-22 00:00:00.000,9262.222013162358
2025-03-22 08:00:00.004,9262.222013162358
2025-03-22 16:00:00.000,9262.222013162358
2025-03-23 00:00:00.000,9262.222013162358
2025-03-23 08:00:00.000,9262.222013162358
2025-03-23 16:00:00.000,9262.222013162358
2025-03-24 00:00:00.000,9262.222013162358
2025-03-24 08:00:00.000,9262.222013162358
2025-03-24 16:00:00.000,9262.222013162358
2025-03-25 00:00:00.001,9262.222013162358
2025-03-25 08:00:00.000,9262.222013162358
2025-03-25 16:00:00.000,8931.848188609636
2025-03-26 00:00:00.000,8931.848188609636
2025-03-26 08:00:00.000,8931.848188609636
2025-03-26 16:00:00.001,8931.848188609636
2025-03-27 00:00:00.001,8931.848188609636
2025-03-27 08:00:00.001,8931.848188609636
2025-03-27 16:00:00.002,8931.848188609636
2025-03-28 00:00:00.001,8931.848188609636
2025-03-28 08:00:00.001,8931.848188609636
2025-03-28 16:00:00.000,8931.848188609636
2025-03-29 00:00:00.000,8931.848188609636
2025-03-29 08:00:00.000,8931.848188609636
2025-03-29 16:00:00.000,8931.848188609636
2025-03-30 00:00:00.000,8987.435455547467
2025-03-30 08:00:00.000,8987.435455547467
2025-03-30 16:00:00.000,8987.435455547467
2025-03-31 00:00:00.000,8987.435455547467
2025-03-31 08:00:00.000,8987.435455547467
2025-03-31 16:00:00.000,8987.435455547467
2025-04-01 00:00:00.000,8987.435455547467
2025-04-01 08:00:00.001,8987.435455547467
2025-04-01 16:00:00.000,8987.435455547467
2025-04-02 00:00:00.001,8987.435455547467
2025-04-02 08:00:00.000,8987.435455547467
2025-04-02 16:00:00.000,8987.435455547467
2025-04-03 00:00:00.000,8987.435455547467
2025-04-03 08:00:00.000,8848.290585683373
2025-04-03 16:00:00.000,8848.290585683373
2025-04-04 00:00:00.000,8848.290585683373
2025-04-04 08:00:00.000,8848.290585683373
2025-04-04 16:00:00.000,8848.290585683373
2025-04-05 00:00:00.000,8848.290585683373
2025-04-05 08:00:00.000,8848.290585683373
2025-04-05 16:00:00.000,8848.290585683373
2025-04-06 00:00:00.000,8848.290585683373
2025-04-06 08:00:00.000,8848.290585683373
2025-04-06 16:00:00.002,8848.290585683373
2025-04-07 00:00:00.000,8848.290585683373
2025-04-07 08:00:00.000,8848.290585683373
2025-04-07 16:00:00.000,8747.937862169356
2025-04-08 00:00:00.000,8747.937862169356
2025-04-08 08:00:00.000,8747.937862169356
2025-04-08 16:00:00.000,8747.937862169356
2025-04-09 00:00:00.000,8747.937862169356
2025-04-09 08:00:00.001,8747.937862169356
2025-04-09 16:00:00.000,8747.937862169356
2025-04-10 00:00:00.000,8747.937862169356
2025-04-10 08:00:00.000,8747.937862169356
2025-04-10 16:00:00.000,8747.937862169356
2025-04-11 00:00:00.001,8747.937862169356
2025-04-11 08:00:00.000,8747.937862169356
2025-04-11 16:00:00.000,8747.937862169356
2025-04-12 00:00:00.000,8767.277936491235
2025-04-12 08:00:00.001,8767.277936491235
2025-04-12 16:00:00.000,8767.277936491235
2025-04-13 00:00:00.000,8767.277936491235
2025-04-13 08:00:00.000,8767.277936491235
2025-04-13 16:00:00.000,8767.277936491235
2025-04-14 00:00:00.000,8767.277936491235
2025-04-14 08:00:00.000,8767.277936491235
2025-04-14 16:00:00.000,8767.277936491235
2025-04-15 00:00:00.000,8767.277936491235
2025-04-15 08:00:00.000,8767.277936491235
2025-04-15 16:00:00.001,8767.277936491235
2025-04-16 00:00:00.000,8767.277936491235
2025-04-16 08:00:00.000,9042.791527955755
2025-04-16 16:00:00.000,9042.791527955755
2025-04-17 00:00:00.001,9042.791527955755
2025-04-17 08:00:00.000,9042.791527955755
2025-04-17 16:00:00.001,9042.791527955755
2025-04-18 00:00:00.000,9042.791527955755
2025-04-18 08:00:00.000,9042.791527955755
2025-04-18 16:00:00.000,9042.791527955755
2025-04-19 00:00:00.000,9042.791527955755
2025-04-19 08:00:00.000,9042.791527955755
2025-04-19 16:00:00.000,9042.791527955755
2025-04-20 00:00:00.000,9042.791527955755
2025-04-20 08:00:00.000,9042.791527955755
2025-04-20 16:00:00.000,8977.455770343955
2025-04-21 00:00:00.000,8977.455770343955
2025-04-21 08:00:00.005,8977.455770343955
2025-04-21 16:00:00.003,8977.455770343955
2025-04-22 00:00:00.008,8977.455770343955
2025-04-22 08:00:00.000,8977.455770343955
2025-04-22 16:00:00.000,8977.455770343955
2025-04-23 00:00:00.000,8977.455770343955
2025-04-23 08:00:00.002,8977.455770343955
2025-04-23 16:00:00.000,8977.455770343955
2025-04-24 00:00:00.000,8977.455770343955
2025-04-24 08:00:00.001,8977.455770343955
2025-04-24 16:00:00.001,8977.455770343955
2025-04-25 00:00:00.007,9074.0479950896
2025-04-25 08:00:00.002,9074.0479950896
2025-04-25 16:00:00.003,9074.0479950896
2025-04-26 00:00:00.002,9074.0479950896
2025-04-26 08:00:00.000,9074.0479950896
2025-04-26 16:00:00.002,9074.0479950896
2025-04-27 00:00:00.001,9074.0479950896
2025-04-27 08:00:00.000,9074.0479950896
2025-04-27 16:00:00.000,9074.0479950896
2025-04-28 00:00:00.001,9074.0479950896
2025-04-28 08:00:00.003,9074.0479950896
2025-04-28 16:00:00.005,9074.0479950896
2025-04-29 00:00:00.000,9074.0479950896
2025-04-29 08:00:00.000,8702.322828543849
2025-04-29 16:00:00.010,8702.322828543849
2025-04-30 00:00:00.001,8702.322828543849
2025-04-30 08:00:00.000,8702.322828543849
2025-04-30 16:00:00.003,8702.322828543849
2025-05-01 00:00:00.000,8702.322828543849
2025-05-01 08:00:00.000,8702.322828543849
2025-05-01 16:00:00.001,8702.322828543849
2025-05-02 00:00:00.000,8702.322828543849
2025-05-02 08:00:00.000,8702.322828543849
2025-05-02 16:00:00.003,8702.322828543849
2025-05-03 00:00:00.000,8702.322828543849
2025-05-03 08:00:00.000,8702.322828543849
2025-05-03 16:00:00.000,8811.417131180682
2025-05-04 00:00:00.001,8811.417131180682
2025-05-04 08:00:00.001,8811.417131180682
2025-05-04 16:00:00.002,8811.417131180682
2025-05-05 00:00:00.000,8811.417131180682
2025-05-05 08:00:00.000,8811.417131180682
2025-05-05 16:00:00.006,8811.417131180682
2025-05-06 00:00:00.002,8811.417131180682
2025-05-06 08:00:00.005,8811.417131180682
2025-05-06 16:00:00.000,8811.417131180682
2025-05-07 00:00:00.002,8811.417131180682
2025-05-07 08:00:00.000,8811.417131180682
2025-05-07 16:00:00.006,8811.417131180682
2025-05-08 00:00:00.000,8064.393335730894
2025-05-08 08:00:00.001,8064.393335730894
2025-05-08 16:00:00.002,8064.393335730894
2025-05-09 00:00:00.001,8064.393335730894
2025-05-09 08:00:00.006,8064.393335730894
2025-05-09 16:00:00.000,8064.393335730894
2025-05-10 00:00:00.001,8064.393335730894
2025-05-10 08:00:00.000,8064.393335730894
2025-05-10 16:00:00.001,8064.393335730894
2025-05-11 00:00:00.000,8064.393335730894
2025-05-11 08:00:00.001,8064.393335730894
2025-05-11 16:00:00.001,8064.393335730894
2025-05-12 00:00:00.004,8064.393335730894
2025-05-12 08:00:00.000,8467.384252532338
2025-05-12 16:00:00.000,8467.384252532338
2025-05-13 00:00:00.000,8467.384252532338
2025-05-13 08:00:00.008,8467.384252532338
2025-05-13 16:00:00.001,8467.384252532338
2025-05-14 00:00:00.007,8467.384252532338
2025-05-14 08:00:00.000,8467.384252532338
2025-05-14 16:00:00.002,8467.384252532338
2025-05-15 00:00:00.000,8467.384252532338
2025-05-15 08:00:00.003,8467.384252532338
2025-05-15 16:00:00.000,8467.384252532338
2025-05-16 00:00:00.001,8467.384252532338
2025-05-16 08:00:00.000,8467.384252532338
2025-05-16 16:00:00.000,8738.124144191563
2025-05-17 00:00:00.000,8738.124144191563
2025-05-17 08:00:00.001,8738.124144191563
2025-05-17 16:00:00.004,8738.124144191563
2025-05-18 00:00:00.000,8738.124144191563
2025-05-18 08:00:00.000,8738.124144191563
2025-05-18 16:00:00.000,8738.124144191563
2025-05-19 00:00:00.000,8738.124144191563
2025-05-19 08:00:00.006,8738.124144191563
2025-05-19 16:00:00.010,8738.124144191563
2025-05-20 00:00:00.000,8738.124144191563
2025-05-20 08:00:00.002,8738.124144191563
2025-05-20 16:00:00.000,8738.124144191563
2025-05-21 00:00:00.000,8834.94815285256
2025-05-21 08:00:00.001,8834.94815285256
2025-05-21 16:00:00.004,8834.94815285256
2025-05-22 00:00:00.001,8834.94815285256
2025-05-22 08:00:00.000,8834.94815285256
2025-05-22 16:00:00.002,8834.94815285256
2025-05-23 00:00:00.006,8834.94815285256
2025-05-23 08:00:00.000,8834.94815285256
2025-05-23 16:00:00.007,8834.94815285256
2025-05-24 00:00:00.010,8834.94815285256
2025-05-24 08:00:00.000,8834.94815285256
2025-05-24 16:00:00.003,8834.94815285256
2025-05-25 00:00:00.004,8834.94815285256
2025-05-25 08:00:00.000,8958.19112080931
2025-05-25 16:00:00.000,8958.19112080931
2025-05-26 00:00:00.000,8958.19112080931
2025-05-26 08:00:00.000,8958.19112080931
2025-05-26 16:00:00.002,8958.19112080931
2025-05-27 00:00:00.003,8958.19112080931
2025-05-27 08:00:00.001,8958.19112080931
2025-05-27 16:00:00.005,8958.19112080931
2025-05-28 00:00:00.002,8958.19112080931
2025-05-28 08:00:00.003,8958.19112080931
2025-05-28 16:00:00.002,8958.19112080931
2025-05-29 00:00:00.000,8958.19112080931
2025-05-29 08:00:00.006,8958.19112080931
2025-05-29 16:00:00.000,9048.880935998093
2025-05-30 00:00:00.003,9048.880935998093
2025-05-30 08:00:00.003,9048.880935998093
2025-05-30 16:00:00.000,9048.880935998093
2025-05-31 00:00:00.000,9048.880935998093
2025-05-31 08:00:00.000,9048.880935998093
2025-05-31 16:00:00.000,9048.880935998093
2025-06-01 00:00:00.001,9048.880935998093
2025-06-01 08:00:00.002,9048.880935998093
2025-06-01 16:00:00.000,9048.880935998093
2025-06-02 00:00:00.001,9048.880935998093
2025-06-02 08:00:00.000,9048.880935998093
2025-06-02 16:00:00.000,9048.880935998093
2025-06-03 00:00:00.000,9156.540320834705
2025-06-03 08:00:00.000,9156.540320834705
2025-06-03 16:00:00.001,9156.540320834705
2025-06-04 00:00:00.000,9156.540320834705
2025-06-04 08:00:00.000,9156.540320834705
2025-06-04 16:00:00.000,9156.540320834705
2025-06-05 00:00:00.016,9156.540320834705
2025-06-05 08:00:00.000,9156.540320834705
2025-06-05 16:00:00.000,9156.540320834705
2025-06-06 00:00:00.002,9156.540320834705
2025-06-06 08:00:00.000,9156.540320834705
2025-06-06 16:00:00.006,9156.540320834705
2025-06-07 00:00:00.000,9156.540320834705
2025-06-07 08:00:00.000,8835.446739914401
2025-06-07 16:00:00.002,8835.446739914401
2025-06-08 00:00:00.000,8835.446739914401
2025-06-08 08:00:00.000,8835.446739914401
2025-06-08 16:00:00.000,8835.446739914401
2025-06-09 00:00:00.000,8835.446739914401
2025-06-09 08:00:00.001,8835.446739914401
2025-06-09 16:00:00.001,8835.446739914401
2025-06-10 00:00:00.000,8835.446739914401
2025-06-10 08:00:00.001,8835.446739914401
2025-06-10 16:00:00.003,8835.446739914401
2025-06-11 00:00:00.000,8835.446739914401
2025-06-11 08:00:00.000,8835.446739914401
2025-06-11 16:00:00.010,8835.744250932905
2025-06-12 00:00:00.002,8835.744250932905
2025-06-12 08:00:00.003,8835.744250932905
2025-06-12 16:00:00.001,8835.744250932905
2025-06-13 00:00:00.000,8835.744250932905
2025-06-13 08:00:00.001,8835.744250932905
2025-06-13 16:00:00.004,8835.744250932905
2025-06-14 00:00:00.000,8835.744250932905
2025-06-14 08:00:00.000,8835.744250932905
2025-06-14 16:00:00.000,8835.744250932905
2025-06-15 00:00:00.005,8835.744250932905
2025-06-15 08:00:00.009,8835.744250932905
2025-06-15 16:00:00.000,8835.744250932905
2025-06-16 00:00:00.000,8430.224539406117
2025-06-16 08:00:00.000,8430.224539406117
2025-06-16 16:00:00.003,8430.224539406117
2025-06-17 00:00:00.000,8430.224539406117
2025-06-17 08:00:00.006,8430.224539406117
2025-06-17 16:00:00.001,8430.224539406117
2025-06-18 00:00:00.001,8430.224539406117
2025-06-18 08:00:00.001,8430.224539406117
2025-06-18 16:00:00.001,8430.224539406117
2025-06-19 00:00:00.005,8430.224539406117
2025-06-19 08:00:00.003,8430.224539406117
2025-06-19 16:00:00.000,8430.224539406117
2025-06-20 00:00:00.000,8430.224539406117
2025-06-20 08:00:00.002,8326.476239867183
2025-06-20 16:00:00.001,8326.476239867183
2025-06-21 00:00:00.002,8326.476239867183
2025-06-21 08:00:00.005,8326.476239867183
2025-06-21 16:00:00.000,8326.476239867183
2025-06-22 00:00:00.005,8326.476239867183
2025-06-22 08:00:00.000,8326.476239867183
2025-06-22 16:00:00.003,8326.476239867183
2025-06-23 00:00:00.000,8326.476239867183
2025-06-23 08:00:00.004,8326.476239867183
2025-06-23 16:00:00.013,8326.476239867183
2025-06-24 00:00:00.003,8326.476239867183
2025-06-24 08:00:00.000,8326.476239867183
2025-06-24 16:00:00.000,8227.01003286596
2025-06-25 00:00:00.005,8227.01003286596
2025-06-25 08:00:00.000,8227.01003286596
2025-06-25 16:00:00.005,8227.01003286596
2025-06-26 00:00:00.000,8227.01003286596
2025-06-26 08:00:00.006,8227.01003286596
2025-06-26 16:00:00.007,8227.01003286596
2025-06-27 00:00:00.000,8227.01003286596
2025-06-27 08:00:00.000,8227.01003286596
2025-06-27 16:00:00.009,8227.01003286596
2025-06-28 00:00:00.001,8227.01003286596
2025-06-28 08:00:00.002,8227.01003286596
2025-06-28 16:00:00.000,8227.01003286596
2025-06-29 00:00:00.004,8099.3190686126145
2025-06-29 08:00:00.001,8099.3190686126145
2025-06-29 16:00:00.001,8099.3190686126145
2025-06-30 00:00:00.000,8099.3190686126145
2025-06-30 08:00:00.005,8099.3190686126145
2025-06-30 16:00:00.002,8099.3190686126145
2025-07-01 00:00:00.007,8099.3190686126145
2025-07-01 08:00:00.002,8099.3190686126145
2025-07-01 16:00:00.000,8099.3190686126145
2025-07-02 00:00:00.001,8099.3190686126145
2025-07-02 08:00:00.000,8099.3190686126145
2025-07-02 16:00:00.003,8099.3190686126145
2025-07-03 00:00:00.006,8099.3190686126145
2025-07-03 08:00:00.003,7888.629203083009
2025-07-03 16:00:00.003,7888.629203083009
2025-07-04 00:00:00.005,7888.629203083009
2025-07-04 08:00:00.003,7888.629203083009
2025-07-04 16:00:00.001,7888.629203083009
2025-07-05 00:00:00.004,7888.629203083009
2025-07-05 08:00:00.009,7888.629203083009
2025-07-05 16:00:00.006,7888.629203083009
2025-07-06 00:00:00.001,7888.629203083009
2025-07-06 08:00:00.002,7888.629203083009
2025-07-06 16:00:00.004,7888.629203083009
2025-07-07 00:00:00.000,7888.629203083009
2025-07-07 08:00:00.007,7888.629203083009
2025-07-07 16:00:00.000,7765.2444883496455
2025-07-08 00:00:00.010,7765.2444883496455
2025-07-08 08:00:00.003,7765.2444883496455
2025-07-08 16:00:00.000,7765.2444883496455
2025-07-09 00:00:00.002,7765.2444883496455
2025-07-09 08:00:00.006,7765.2444883496455
2025-07-09 16:00:00.001,7765.2444883496455
2025-07-10 00:00:00.003,7765.2444883496455
2025-07-10 08:00:00.000,7765.2444883496455
2025-07-10 16:00:00.004,7765.2444883496455
2025-07-11 00:00:00.004,7765.2444883496455
2025-07-11 08:00:00.007,7765.2444883496455
2025-07-11 16:00:00.001,7765.2444883496455
2025-07-12 00:00:00.000,7267.2477357260605
2025-07-12 08:00:00.001,7267.2477357260605
2025-07-12 16:00:00.002,7267.2477357260605
2025-07-13 00:00:00.006,7267.2477357260605
2025-07-13 08:00:00.001,7267.2477357260605
2025-07-13 16:00:00.003,7267.2477357260605
2025-07-14 00:00:00.000,7267.2477357260605
2025-07-14 08:00:00.000,7267.2477357260605
2025-07-14 16:00:00.000,7267.2477357260605
2025-07-15 00:00:00.002,7267.2477357260605
2025-07-15 08:00:00.000,7267.2477357260605
2025-07-15 16:00:00.000,7267.2477357260605
2025-07-16 00:00:00.000,7267.2477357260605
2025-07-16 08:00:00.000,7130.348629194951
2025-07-16 16:00:00.008,7130.348629194951
2025-07-17 00:00:00.003,7130.348629194951
2025-07-17 08:00:00.000,7130.348629194951
2025-07-17 16:00:00.000,7130.348629194951
2025-07-18 00:00:00.004,7130.348629194951
2025-07-18 08:00:00.000,7130.348629194951
2025-07-18 16:00:00.000,7130.348629194951
2025-07-19 00:00:00.009,7130.348629194951
2025-07-19 08:00:00.000,7130.348629194951
2025-07-19 16:00:00.002,7130.348629194951
2025-07-20 00:00:00.000,7130.348629194951
2025-07-20 08:00:00.000,7130.348629194951
2025-07-20 16:00:00.000,7231.209254581972
2025-07-21 00:00:00.001,7231.209254581972
2025-07-21 08:00:00.000,7231.209254581972
2025-07-21 16:00:00.001,7231.209254581972
2025-07-22 00:00:00.000,7231.209254581972
2025-07-22 08:00:00.010,7231.209254581972
2025-07-22 16:00:00.007,7231.209254581972
2025-07-23 00:00:00.000,7231.209254581972
2025-07-23 08:00:00.004,7231.209254581972
2025-07-23 16:00:00.002,7231.209254581972
2025-07-24 00:00:00.000,7231.209254581972
2025-07-24 08:00:00.001,7231.209254581972
2025-07-24 16:00:00.000,7231.209254581972
2025-07-25 00:00:00.000,7224.979102081362
2025-07-25 08:00:00.000,7224.979102081362
2025-07-25 16:00:00.000,7224.979102081362
2025-07-26 00:00:00.001,7224.979102081362
2025-07-26 08:00:00.005,7224.979102081362
2025-07-26 16:00:00.001,7224.979102081362
2025-07-27 00:00:00.001,7224.979102081362
2025-07-27 08:00:00.000,7224.979102081362
2025-07-27 16:00:00.008,7224.979102081362
2025-07-28 00:00:00.005,7224.979102081362
2025-07-28 08:00:00.000,7224.979102081362
2025-07-28 16:00:00.000,7224.979102081362
2025-07-29 00:00:00.001,7224.979102081362
2025-07-29 08:00:00.000,7134.227129822185
2025-07-29 16:00:00.000,7134.227129822185
2025-07-30 00:00:00.011,7134.227129822185
2025-07-30 08:00:00.000,7134.227129822185
2025-07-30 16:00:00.008,7134.227129822185
2025-07-31 00:00:00.000,7134.227129822185
2025-07-31 08:00:00.009,7134.227129822185
2025-07-31 16:00:00.000,7134.227129822185
2025-08-01 00:00:00.001,7134.227129822185
2025-08-01 08:00:00.003,7134.227129822185
2025-08-01 16:00:00.000,7134.227129822185
2025-08-02 00:00:00.004,7134.227129822185
2025-08-02 08:00:00.000,7134.227129822185
2025-08-02 16:00:00.000,7370.112349482146
2025-08-03 00:00:00.000,7370.112349482146
2025-08-03 08:00:00.000,7370.112349482146
2025-08-03 16:00:00.003,7370.112349482146
2025-08-04 00:00:00.004,7370.112349482146
2025-08-04 08:00:00.000,7370.112349482146
2025-08-04 16:00:00.002,7370.112349482146
2025-08-05 00:00:00.000,7370.112349482146
2025-08-05 08:00:00.000,7370.112349482146
2025-08-05 16:00:00.000,7370.112349482146
2025-08-06 00:00:00.005,7370.112349482146
2025-08-06 08:00:00.000,7370.112349482146
2025-08-06 16:00:00.000,7370.112349482146
2025-08-07 00:00:00.003,7461.733266675889
2025-08-07 08:00:00.002,7461.733266675889
2025-08-07 16:00:00.002,7461.733266675889
2025-08-08 00:00:00.002,7461.733266675889
2025-08-08 08:00:00.004,7461.733266675889
2025-08-08 16:00:00.000,7461.733266675889
2025-08-09 00:00:00.005,7461.733266675889
2025-08-09 08:00:00.000,7461.733266675889
2025-08-09 16:00:00.007,7461.733266675889
2025-08-10 00:00:00.003,7461.733266675889
2025-08-10 08:00:00.005,7461.733266675889
2025-08-10 16:00:00.002,7461.733266675889
2025-08-11 00:00:00.000,7461.733266675889
2025-08-11 08:00:00.000,7507.804427686813
2025-08-11 16:00:00.000,7507.804427686813
2025-08-12 00:00:00.000,7507.804427686813
2025-08-12 08:00:00.001,7507.804427686813
2025-08-12 16:00:00.005,7507.804427686813
2025-08-13 00:00:00.000,7507.804427686813
2025-08-13 08:00:00.002,7507.804427686813
2025-08-13 16:00:00.006,7507.804427686813
2025-08-14 00:00:00.002,7507.804427686813
2025-08-14 08:00:00.003,7507.804427686813
2025-08-14 16:00:00.000,7507.804427686813
2025-08-15 00:00:00.000,7507.804427686813
2025-08-15 08:00:00.000,7507.804427686813
2025-08-15 16:00:00.000,7326.461754928167
2025-08-16 00:00:00.004,7326.461754928167
2025-08-16 08:00:00.000,7326.461754928167
2025-08-16 16:00:00.002,7326.461754928167
2025-08-17 00:00:00.000,7326.461754928167
2025-08-17 08:00:00.001,7326.461754928167
2025-08-17 16:00:00.007,7326.461754928167
2025-08-18 00:00:00.000,7326.461754928167
2025-08-18 08:00:00.001,7326.461754928167
2025-08-18 16:00:00.002,7326.461754928167
2025-08-19 00:00:00.000,7326.461754928167
2025-08-19 08:00:00.001,7326.461754928167
2025-08-19 16:00:00.000,7326.461754928167
2025-08-20 00:00:00.000,7326.461754928167
2025-08-20 08:00:00.000,7438.194088588085
2025-08-20 16:00:00.000,7438.194088588085
2025-08-21 00:00:00.006,7438.194088588085
2025-08-21 08:00:00.000,7438.194088588085
2025-08-21 16:00:00.003,7438.194088588085
2025-08-22 00:00:00.010,7438.194088588085
2025-08-22 08:00:00.007,7438.194088588085
2025-08-22 16:00:00.001,7438.194088588085
2025-08-23 00:00:00.004,7438.194088588085
2025-08-23 08:00:00.006,7438.194088588085
2025-08-23 16:00:00.000,7438.194088588085
2025-08-24 00:00:00.001,7438.194088588085
2025-08-24 08:00:00.002,7438.194088588085
2025-08-24 16:00:00.001,7593.115170006894
2025-08-25 00:00:00.000,7593.115170006894
2025-08-25 08:00:00.002,7593.115170006894
2025-08-25 16:00:00.002,7593.115170006894
2025-08-26 00:00:00.000,7593.115170006894
2025-08-26 08:00:00.000,7593.115170006894
2025-08-26 16:00:00.000,7593.115170006894
2025-08-27 00:00:00.003,7593.115170006894
2025-08-27 08:00:00.000,7593.115170006894
2025-08-27 16:00:00.009,7593.115170006894
2025-08-28 00:00:00.000,7593.115170006894
2025-08-28 08:00:00.005,7593.115170006894
2025-08-28 16:00:00.004,7593.115170006894
2025-08-29 00:00:00.000,7532.7503174962185
2025-08-29 08:00:00.000,7532.7503174962185
2025-08-29 16:00:00.005,7532.7503174962185
2025-08-30 00:00:00.000,7532.7503174962185
2025-08-30 08:00:00.002,7532.7503174962185
2025-08-30 16:00:00.003,7532.7503174962185
2025-08-31 00:00:00.016,7532.7503174962185
2025-08-31 08:00:00.000,7532.7503174962185
2025-08-31 16:00:00.001,7532.7503174962185
2025-09-01 00:00:00.000,7532.7503174962185
2025-09-01 08:00:00.000,7532.7503174962185
2025-09-01 16:00:00.001,7532.7503174962185
2025-09-02 00:00:00.000,7532.7503174962185
2025-09-02 08:00:00.005,7540.886423194961
2025-09-02 16:00:00.007,7540.886423194961
2025-09-03 00:00:00.006,7540.886423194961
2025-09-03 08:00:00.002,7540.886423194961
2025-09-03 16:00:00.002,7540.886423194961
2025-09-04 00:00:00.002,7540.886423194961
2025-09-04 08:00:00.000,7540.886423194961
2025-09-04 16:00:00.000,7540.886423194961
2025-09-05 00:00:00.001,7540.886423194961
2025-09-05 08:00:00.006,7540.886423194961
2025-09-05 16:00:00.000,7540.886423194961
2025-09-06 00:00:00.000,7540.886423194961
2025-09-06 08:00:00.005,7540.886423194961
2025-09-06 16:00:00.000,7471.3235742465895
2025-09-07 00:00:00.000,7471.3235742465895
2025-09-07 08:00:00.000,7471.3235742465895
2025-09-07 16:00:00.000,7471.3235742465895
2025-09-08 00:00:00.007,7471.3235742465895
2025-09-08 08:00:00.000,7471.3235742465895
2025-09-08 16:00:00.000,7471.3235742465895
2025-09-09 00:00:00.000,7471.3235742465895
2025-09-09 08:00:00.000,7471.3235742465895
2025-09-09 16:00:00.000,7471.3235742465895
2025-09-10 00:00:00.000,7471.3235742465895
2025-09-10 08:00:00.002,7471.3235742465895
2025-09-10 16:00:00.000,7471.3235742465895
2025-09-11 00:00:00.000,7613.588069678992
2025-09-11 08:00:00.000,7613.588069678992
2025-09-11 16:00:00.001,7613.588069678992
2025-09-12 00:00:00.002,7613.588069678992
2025-09-12 08:00:00.001,7613.588069678992
2025-09-12 16:00:00.005,7613.588069678992
2025-09-13 00:00:00.005,7613.588069678992
2025-09-13 08:00:00.002,7613.588069678992
2025-09-13 16:00:00.000,7613.588069678992
2025-09-14 00:00:00.006,7613.588069678992
2025-09-14 08:00:00.000,7613.588069678992
2025-09-14 16:00:00.001,7613.588069678992
2025-09-15 00:00:00.006,7613.588069678992
2025-09-15 08:00:00.002,7812.084413314509
2025-09-15 16:00:00.001,7812.084413314509
2025-09-16 00:00:00.001,7812.084413314509
2025-09-16 08:00:00.000,7812.084413314509
2025-09-16 16:00:00.000,7812.084413314509
2025-09-17 00:00:00.001,7812.084413314509
2025-09-17 08:00:00.000,7812.084413314509
2025-09-17 16:00:00.003,7812.084413314509
2025-09-18 00:00:00.006,7812.084413314509
2025-09-18 08:00:00.002,7812.084413314509
2025-09-18 16:00:00.000,7812.084413314509
2025-09-19 00:00:00.000,7812.084413314509
2025-09-19 08:00:00.005,7812.084413314509
2025-09-19 16:00:00.000,7837.20209152406
2025-09-20 00:00:00.000,7837.20209152406
2025-09-20 08:00:00.000,7837.20209152406
2025-09-20 16:00:00.002,7837.20209152406
2025-09-21 00:00:00.000,7837.20209152406
2025-09-21 08:00:00.000,7837.20209152406
2025-09-21 16:00:00.000,7837.20209152406
2025-09-22 00:00:00.005,7837.20209152406
2025-09-22 08:00:00.003,7837.20209152406
2025-09-22 16:00:00.000,7837.20209152406
2025-09-23 00:00:00.000,7837.20209152406
2025-09-23 08:00:00.001,7837.20209152406
2025-09-23 16:00:00.000,7837.20209152406
2025-09-24 00:00:00.003,8171.475071497558
2025-09-24 08:00:00.001,8171.475071497558
2025-09-24 16:00:00.002,8171.475071497558
2025-09-25 00:00:00.000,8171.475071497558
2025-09-25 08:00:00.001,8171.475071497558
2025-09-25 16:00:00.000,8171.475071497558
2025-09-26 00:00:00.000,8171.475071497558
2025-09-26 08:00:00.000,8171.475071497558
2025-09-26 16:00:00.008,8171.475071497558
2025-09-27 00:00:00.000,8171.475071497558
2025-09-27 08:00:00.010,8171.475071497558
2025-09-27 16:00:00.003,8171.475071497558
2025-09-28 00:00:00.000,8171.475071497558
2025-09-28 08:00:00.000,8045.046458814981
2025-09-28 16:00:00.000,8045.046458814981
2025-09-29 00:00:00.000,8045.046458814981
2025-09-29 08:00:00.002,8045.046458814981
2025-09-29 16:00:00.001,8045.046458814981
2025-09-30 00:00:00.002,8045.046458814981
2025-09-30 08:00:00.005,8045.046458814981
2025-09-30 16:00:00.000,8045.046458814981
2025-10-01 00:00:00.000,8045.046458814981
2025-10-01 08:00:00.000,8045.046458814981
2025-10-01 16:00:00.000,8045.046458814981
2025-10-02 00:00:00.000,8045.046458814981
2025-10-02 08:00:00.013,8045.046458814981
2025-10-02 16:00:00.000,8114.557147287916
2025-10-03 00:00:00.006,8114.557147287916
2025-10-03 08:00:00.006,8114.557147287916
2025-10-03 16:00:00.000,8114.557147287916
2025-10-04 00:00:00.001,8114.557147287916
2025-10-04 08:00:00.000,8114.557147287916
2025-10-04 16:00:00.000,8114.557147287916
2025-10-05 00:00:00.000,8114.557147287916
2025-10-05 08:00:00.003,8114.557147287916
2025-10-05 16:00:00.009,8114.557147287916
2025-10-06 00:00:00.004,8114.557147287916
2025-10-06 08:00:00.002,8114.557147287916
2025-10-06 16:00:00.004,8114.557147287916
2025-10-07 00:00:00.000,8110.641266978151
2025-10-07 08:00:00.003,8110.641266978151
2025-10-07 16:00:00.000,8110.641266978151
2025-10-08 00:00:00.000,8110.641266978151
2025-10-08 08:00:00.006,8110.641266978151
2025-10-08 16:00:00.002,8110.641266978151
2025-10-09 00:00:00.001,8110.641266978151
2025-10-09 08:00:00.000,8110.641266978151
2025-10-09 16:00:00.000,8110.641266978151
2025-10-10 00:00:00.005,8110.641266978151
2025-10-10 08:00:00.002,8110.641266978151
2025-10-10 16:00:00.014,8110.641266978151
2025-10-11 00:00:00.000,8110.641266978151
2025-10-11 08:00:00.003,8107.357498588852
2025-10-11 16:00:00.000,8107.357498588852
2025-10-12 00:00:00.004,8107.357498588852
2025-10-12 08:00:00.002,8107.357498588852
2025-10-12 16:00:00.000,8107.357498588852
2025-10-13 00:00:00.003,8107.357498588852
2025-10-13 08:00:00.002,8107.357498588852
2025-10-13 16:00:00.003,8107.357498588852
2025-10-14 00:00:00.000,8107.357498588852
2025-10-14 08:00:00.000,8107.357498588852
2025-10-14 16:00:00.000,8107.357498588852
2025-10-15 00:00:00.006,8107.357498588852
2025-10-15 08:00:00.002,8107.357498588852
2025-10-15 16:00:00.000,8208.440733351092
2025-10-16 00:00:00.000,8208.440733351092
2025-10-16 08:00:00.003,8208.440733351092
2025-10-16 16:00:00.002,8208.440733351092
2025-10-17 00:00:00.001,8208.440733351092
2025-10-17 08:00:00.005,8208.440733351092
2025-10-17 16:00:00.003,8208.440733351092
2025-10-18 00:00:00.000,8208.440733351092
2025-10-18 08:00:00.002,8208.440733351092
2025-10-18 16:00:00.001,8208.440733351092
2025-10-19 00:00:00.001,8208.440733351092
2025-10-19 08:00:00.001,8208.440733351092
2025-10-19 16:00:00.001,8208.440733351092
2025-10-20 00:00:00.004,7929.742270024077
2025-10-20 08:00:00.001,7929.742270024077
2025-10-20 16:00:00.000,7929.742270024077
2025-10-21 00:00:00.009,7929.742270024077
2025-10-21 08:00:00.000,7929.742270024077
2025-10-21 16:00:00.000,7929.742270024077
2025-10-22 00:00:00.004,7929.742270024077
2025-10-22 08:00:00.000,7929.742270024077
2025-10-22 16:00:00.000,7929.742270024077
2025-10-23 00:00:00.000,7929.742270024077
2025-10-23 08:00:00.001,7929.742270024077
2025-10-23 16:00:00.004,7929.742270024077
2025-10-24 00:00:00.000,7929.742270024077
2025-10-24 08:00:00.000,8061.7691649422695
2025-10-24 16:00:00.009,8061.7691649422695
2025-10-25 00:00:00.000,8061.7691649422695
2025-10-25 08:00:00.001,8061.7691649422695
2025-10-25 16:00:00.001,8061.7691649422695
2025-10-26 00:00:00.001,8061.7691649422695
2025-10-26 08:00:00.001,8061.7691649422695
2025-10-26 16:00:00.000,8061.7691649422695
2025-10-27 00:00:00.000,8061.7691649422695
2025-10-27 08:00:00.005,8061.7691649422695
2025-10-27 16:00:00.000,8061.7691649422695
2025-10-28 00:00:00.000,8061.7691649422695
2025-10-28 08:00:00.000,8061.7691649422695
2025-10-28 16:00:00.004,7923.218375154182
2025-10-29 00:00:00.004,7923.218375154182
2025-10-29 08:00:00.005,7923.218375154182
2025-10-29 16:00:00.000,7923.218375154182
2025-10-30 00:00:00.004,7923.218375154182
2025-10-30 08:00:00.008,7923.218375154182
2025-10-30 16:00:00.001,7923.218375154182
2025-10-31 00:00:00.000,7923.218375154182
2025-10-31 08:00:00.008,7923.218375154182
2025-10-31 16:00:00.007,7923.218375154182
2025-11-01 00:00:00.001,7923.218375154182
2025-11-01 08:00:00.000,7923.218375154182
2025-11-01 16:00:00.000,7923.218375154182
2025-11-02 00:00:00.007,8021.2131423088385
2025-11-02 08:00:00.000,8021.2131423088385
2025-11-02 16:00:00.001,8021.2131423088385
2025-11-03 00:00:00.000,8021.2131423088385
2025-11-03 08:00:00.010,8021.2131423088385
2025-11-03 16:00:00.000,8021.2131423088385
2025-11-04 00:00:00.002,8021.2131423088385
2025-11-04 08:00:00.004,8021.2131423088385
2025-11-04 16:00:00.000,8021.2131423088385
2025-11-05 00:00:00.000,8021.2131423088385
2025-11-05 08:00:00.000,8021.2131423088385
2025-11-05 16:00:00.004,8021.2131423088385
2025-11-06 00:00:00.001,8021.2131423088385
2025-11-06 08:00:00.000,8063.169386897293
2025-11-06 16:00:00.001,8063.169386897293
2025-11-07 00:00:00.005,8063.169386897293
2025-11-07 08:00:00.003,8063.169386897293
2025-11-07 16:00:00.005,8063.169386897293
2025-11-08 00:00:00.011,8063.169386897293
2025-11-08 08:00:00.015,8063.169386897293
2025-11-08 16:00:00.001,8063.169386897293
2025-11-09 00:00:00.004,8063.169386897293
2025-11-09 08:00:00.000,8063.169386897293
2025-11-09 16:00:00.005,8063.169386897293
2025-11-10 00:00:00.000,8063.169386897293
2025-11-10 08:00:00.000,8063.169386897293
2025-11-10 16:00:00.003,8094.577279738612
2025-11-11 00:00:00.007,8094.577279738612
2025-11-11 08:00:00.000,8094.577279738612
2025-11-11 16:00:00.009,8094.577279738612
2025-11-12 00:00:00.000,8094.577279738612
2025-11-12 08:00:00.002,8094.577279738612
2025-11-12 16:00:00.000,8094.577279738612
2025-11-13 00:00:00.002,8094.577279738612
2025-11-13 08:00:00.000,8094.577279738612
2025-11-13 16:00:00.001,8094.577279738612
2025-11-14 00:00:00.000,8094.577279738612
2025-11-14 08:00:00.000,8094.577279738612
2025-11-14 16:00:00.001,8094.577279738612
2025-11-15 00:00:00.005,7867.927569566122
2025-11-15 08:00:00.000,7867.927569566122
2025-11-15 16:00:00.001,7867.927569566122
2025-11-16 00:00:00.001,7867.927569566122
2025-11-16 08:00:00.000,7867.927569566122
2025-11-16 16:00:00.000,7867.927569566122
2025-11-17 00:00:00.003,7867.927569566122
2025-11-17 08:00:00.003,7867.927569566122
2025-11-17 16:00:00.000,7867.927569566122
2025-11-18 00:00:00.002,7867.927569566122
2025-11-18 08:00:00.004,7867.927569566122
2025-11-18 16:00:00.000,7867.927569566122
2025-11-19 00:00:00.000,7867.927569566122
2025-11-19 08:00:00.000,7955.605602125015
2025-11-19 16:00:00.008,7955.605602125015
2025-11-20 00:00:00.000,7955.605602125015
2025-11-20 08:00:00.000,7955.605602125015
2025-11-20 16:00:00.000,7955.605602125015
2025-11-21 00:00:00.001,7955.605602125015
2025-11-21 08:00:00.000,7955.605602125015
2025-11-21 16:00:00.001,7955.605602125015
2025-11-22 00:00:00.004,7955.605602125015
2025-11-22 08:00:00.000,7955.605602125015
2025-11-22 16:00:00.000,7955.605602125015
2025-11-23 00:00:00.000,7955.605602125015
2025-11-23 08:00:00.008,7955.605602125015
2025-11-23 16:00:00.003,7959.961496942893
2025-11-24 00:00:00.004,7959.961496942893
2025-11-24 08:00:00.000,7959.961496942893
2025-11-24 16:00:00.006,7959.961496942893
2025-11-25 00:00:00.000,7959.961496942893
2025-11-25 08:00:00.009,7959.961496942893
2025-11-25 16:00:00.007,7959.961496942893
2025-11-26 00:00:00.001,7959.961496942893
2025-11-26 08:00:00.001,7959.961496942893
2025-11-26 16:00:00.000,7959.961496942893
2025-11-27 00:00:00.013,7959.961496942893
2025-11-27 08:00:00.000,7959.961496942893
2025-11-27 16:00:00.004,7959.961496942893
2025-11-28 00:00:00.008,7943.533312513353
2025-11-28 08:00:00.000,7943.533312513353
2025-11-28 16:00:00.008,7943.533312513353
2025-11-29 00:00:00.000,7943.533312513353
2025-11-29 08:00:00.005,7943.533312513353
2025-11-29 16:00:00.001,7943.533312513353
2025-11-30 00:00:00.003,7943.533312513353
2025-11-30 08:00:00.000,7943.533312513353
2025-11-30 16:00:00.004,7943.533312513353
2025-12-01 00:00:00.000,7943.533312513353
2025-12-01 08:00:00.004,7943.533312513353
2025-12-01 16:00:00.000,7943.533312513353
2025-12-02 00:00:00.004,7943.533312513353
2025-12-02 08:00:00.000,7926.714659876712
2025-12-02 16:00:00.000,7926.714659876712
2025-12-03 00:00:00.000,7926.714659876712
2025-12-03 08:00:00.000,7926.714659876712
2025-12-03 16:00:00.005,7926.714659876712
2025-12-04 00:00:00.012,7926.714659876712
2025-12-04 08:00:00.000,7926.714659876712
2025-12-04 16:00:00.011,7926.714659876712
2025-12-05 00:00:00.000,7926.714659876712
2025-12-05 08:00:00.000,7926.714659876712
2025-12-05 16:00:00.010,7926.714659876712
2025-12-06 00:00:00.001,7926.714659876712
2025-12-06 08:00:00.001,7926.714659876712
2025-12-06 16:00:00.008,8094.957751995032
2025-12-07 00:00:00.000,8094.957751995032
2025-12-07 08:00:00.004,8094.957751995032
2025-12-07 16:00:00.000,8094.957751995032
2025-12-08 00:00:00.000,8094.957751995032
2025-12-08 08:00:00.000,8094.957751995032
2025-12-08 16:00:00.001,8094.957751995032
2025-12-09 00:00:00.001,8094.957751995032
2025-12-09 08:00:00.001,8094.957751995032
2025-12-09 16:00:00.007,8094.957751995032
2025-12-10 00:00:00.007,8094.957751995032
2025-12-10 08:00:00.002,8094.957751995032
2025-12-10 16:00:00.012,8094.957751995032
2025-12-11 00:00:00.001,8043.307642527679
2025-12-11 08:00:00.000,8043.307642527679
2025-12-11 16:00:00.000,8043.307642527679
2025-12-12 00:00:00.005,8043.307642527679
2025-12-12 08:00:00.007,8043.307642527679
2025-12-12 16:00:00.002,8043.307642527679
2025-12-13 00:00:00.001,8043.307642527679
2025-12-13 08:00:00.006,8043.307642527679
2025-12-13 16:00:00.000,8043.307642527679
2025-12-14 00:00:00.000,8043.307642527679
2025-12-14 08:00:00.003,8043.307642527679
2025-12-14 16:00:00.005,8043.307642527679
2025-12-15 00:00:00.000,8043.307642527679
2025-12-15 08:00:00.000,8108.919526683561
2025-12-15 16:00:00.000,8108.919526683561
2025-12-16 00:00:00.002,8108.919526683561
2025-12-16 08:00:00.000,8108.919526683561
2025-12-16 16:00:00.002,8108.919526683561
2025-12-17 00:00:00.004,8108.919526683561
2025-12-17 08:00:00.000,8108.919526683561
2025-12-17 16:00:00.000,8108.919526683561
2025-12-18 00:00:00.005,8108.919526683561
2025-12-18 08:00:00.007,8108.919526683561
2025-12-18 16:00:00.001,8108.919526683561
2025-12-19 00:00:00.000,8108.919526683561
2025-12-19 08:00:00.001,8108.919526683561
2025-12-19 16:00:00.000,8050.448282212442
2025-12-20 00:00:00.005,8050.448282212442
2025-12-20 08:00:00.000,8050.448282212442
2025-12-20 16:00:00.002,8050.448282212442
2025-12-21 00:00:00.000,8050.448282212442
2025-12-21 08:00:00.009,8050.448282212442
2025-12-21 16:00:00.000,8050.448282212442
2025-12-22 00:00:00.000,8050.448282212442
2025-12-22 08:00:00.005,8050.448282212442
2025-12-22 16:00:00.009,8050.448282212442
2025-12-23 00:00:00.000,8050.448282212442
2025-12-23 08:00:00.000,8050.448282212442
2025-12-23 16:00:00.001,8050.448282212442
2025-12-24 00:00:00.001,7915.743506229888
2025-12-24 08:00:00.001,7915.743506229888
2025-12-24 16:00:00.000,7915.743506229888
2025-12-25 00:00:00.000,7915.743506229888
2025-12-25 08:00:00.001,7915.743506229888
2025-12-25 16:00:00.005,7915.743506229888
2025-12-26 00:00:00.004,7915.743506229888
2025-12-26 08:00:00.001,7915.743506229888
2025-12-26 16:00:00.007,7915.743506229888
2025-12-27 00:00:00.000,7915.743506229888
2025-12-27 08:00:00.000,7915.743506229888
2025-12-27 16:00:00.011,7915.743506229888
2025-12-28 00:00:00.008,7915.743506229888
2025-12-28 08:00:00.000,7922.524206656497
2025-12-28 16:00:00.000,7922.524206656497
2025-12-29 00:00:00.016,7922.524206656497
2025-12-29 08:00:00.001,7922.524206656497
2025-12-29 16:00:00.000,7922.524206656497
2025-12-30 00:00:00.005,7922.524206656497
2025-12-30 08:00:00.001,7922.524206656497
2025-12-30 16:00:00.003,7922.524206656497
2025-12-31 00:00:00.004,7922.524206656497
2025-12-31 08:00:00.001,7922.524206656497
2025-12-31 16:00:00.001,7922.524206656497
2026-01-01 00:00:00.008,7922.524206656497
2026-01-01 08:00:00.002,7922.524206656497
2026-01-01 16:00:00.001,7920.914949474562
2026-01-02 00:00:00.006,7920.914949474562
2026-01-02 08:00:00.007,7920.914949474562
2026-01-02 16:00:00.000,7920.914949474562
2026-01-03 00:00:00.001,7920.914949474562
2026-01-03 08:00:00.000,7920.914949474562
2026-01-03 16:00:00.000,7920.914949474562
2026-01-04 00:00:00.000,7920.914949474562
2026-01-04 08:00:00.000,7920.914949474562
2026-01-04 16:00:00.001,7920.914949474562
2026-01-05 00:00:00.000,7920.914949474562
2026-01-05 08:00:00.000,7920.914949474562
2026-01-05 16:00:00.000,7920.914949474562
2026-01-06 00:00:00.010,8007.967340041922
2026-01-06 08:00:00.000,8007.967340041922
2026-01-06 16:00:00.000,8007.967340041922
2026-01-07 00:00:00.001,8007.967340041922
2026-01-07 08:00:00.001,8007.967340041922
2026-01-07 16:00:00.001,8007.967340041922
2026-01-08 00:00:00.001,8007.967340041922
2026-01-08 08:00:00.000,8007.967340041922
2026-01-08 16:00:00.000,8007.967340041922
2026-01-09 00:00:00.003,8007.967340041922
2026-01-09 08:00:00.000,8007.967340041922
2026-01-09 16:00:00.001,8007.967340041922
2026-01-10 00:00:00.000,8007.967340041922
2026-01-10 08:00:00.002,8021.987590361024
2026-01-10 16:00:00.001,8021.987590361024
2026-01-11 00:00:00.003,8021.987590361024
2026-01-11 08:00:00.006,8021.987590361024
2026-01-11 16:00:00.000,8021.987590361024
2026-01-12 00:00:00.005,8021.987590361024
2026-01-12 08:00:00.000,8021.987590361024
2026-01-12 16:00:00.000,8021.987590361024
2026-01-13 00:00:00.007,8021.987590361024
2026-01-13 08:00:00.009,8021.987590361024
2026-01-13 16:00:00.002,8021.987590361024
2026-01-14 00:00:00.000,8021.987590361024
2026-01-14 08:00:00.001,8021.987590361024
2026-01-14 16:00:00.004,8193.111878076365
2026-01-15 00:00:00.000,8193.111878076365
2026-01-15 08:00:00.004,8193.111878076365
2026-01-15 16:00:00.002,8193.111878076365
2026-01-16 00:00:00.000,8193.111878076365
2026-01-16 08:00:00.000,8193.111878076365
2026-01-16 16:00:00.001,8193.111878076365
2026-01-17 00:00:00.000,8193.111878076365
2026-01-17 08:00:00.000,8193.111878076365
2026-01-17 16:00:00.002,8193.111878076365
2026-01-18 00:00:00.001,8193.111878076365
2026-01-18 08:00:00.000,8193.111878076365
2026-01-18 16:00:00.000,8193.111878076365
2026-01-19 00:00:00.007,8275.794881405192
2026-01-19 08:00:00.007,8275.794881405192
2026-01-19 16:00:00.007,8275.794881405192
2026-01-20 00:00:00.005,8275.794881405192
2026-01-20 08:00:00.001,8275.794881405192
2026-01-20 16:00:00.009,8275.794881405192
2026-01-21 00:00:00.001,8275.794881405192
2026-01-21 08:00:00.011,8275.794881405192
2026-01-21 16:00:00.011,8275.794881405192
2026-01-22 00:00:00.010,8275.794881405192
2026-01-22 08:00:00.003,8275.794881405192
2026-01-22 16:00:00.005,8275.794881405192
2026-01-23 00:00:00.005,8275.794881405192
2026-01-23 08:00:00.000,8276.756551827095
2026-01-23 16:00:00.011,8276.756551827095
2026-01-24 00:00:00.011,8276.756551827095
2026-01-24 08:00:00.002,8276.756551827095
2026-01-24 16:00:00.001,8276.756551827095
2026-01-25 00:00:00.002,8276.756551827095
2026-01-25 08:00:00.011,8276.756551827095
2026-01-25 16:00:00.005,8276.756551827095
2026-01-26 00:00:00.000,8276.756551827095
2026-01-26 08:00:00.003,8276.756551827095
2026-01-26 16:00:00.000,8276.756551827095
2026-01-27 00:00:00.002,8276.756551827095
2026-01-27 08:00:00.000,8276.756551827095
2026-01-27 16:00:00.000,8299.376680483145
2026-01-28 00:00:00.000,8299.376680483145
2026-01-28 08:00:00.000,8299.376680483145
2026-01-28 16:00:00.000,8299.376680483145
2026-01-29 00:00:00.000,8299.376680483145
2026-01-29 08:00:00.009,8299.376680483145
2026-01-29 16:00:00.000,8299.376680483145
2026-01-30 00:00:00.008,8299.376680483145
2026-01-30 08:00:00.000,8299.376680483145
2026-01-30 16:00:00.001,8299.376680483145
2026-01-31 00:00:00.000,8299.376680483145
2026-01-31 08:00:00.001,8299.376680483145
2026-01-31 16:00:00.009,8299.376680483145
2026-02-01 00:00:00.001,8352.7669901069
2026-02-01 08:00:00.004,8352.7669901069
2026-02-01 16:00:00.000,8352.7669901069
2026-02-02 00:00:00.000,8352.7669901069
2026-02-02 08:00:00.014,8352.7669901069
2026-02-02 16:00:00.000,8352.7669901069
2026-02-03 00:00:00.000,8352.7669901069
2026-02-03 08:00:00.007,8352.7669901069
2026-02-03 16:00:00.000,8352.7669901069
2026-02-04 00:00:00.002,8352.7669901069
2026-02-04 08:00:00.007,8352.7669901069
2026-02-04 16:00:00.000,8352.7669901069
2026-02-05 00:00:00.011,8352.7669901069
2026-02-05 08:00:00.000,8444.599774264425
2026-02-05 16:00:00.007,8444.599774264425
2026-02-06 00:00:00.000,8444.599774264425
2026-02-06 08:00:00.001,8444.599774264425
2026-02-06 16:00:00.000,8444.599774264425
2026-02-07 00:00:00.003,8444.599774264425
2026-02-07 08:00:00.000,8444.599774264425
2026-02-07 16:00:00.010,8444.599774264425
2026-02-08 00:00:00.003,8444.599774264425
2026-02-08 08:00:00.000,8444.599774264425
2026-02-08 16:00:00.000,8444.599774264425
2026-02-09 00:00:00.002,8444.599774264425
2026-02-09 08:00:00.001,8444.599774264425
2026-02-09 16:00:00.007,8040.183203340032
2026-02-10 00:00:00.000,8040.183203340032
2026-02-10 08:00:00.007,8040.183203340032
2026-02-10 16:00:00.000,8040.183203340032
2026-02-11 00:00:00.000,8040.183203340032
2026-02-11 08:00:00.006,8040.183203340032
2026-02-11 16:00:00.000,8040.183203340032
2026-02-12 00:00:00.000,8040.183203340032
2026-02-12 08:00:00.001,8040.183203340032
2026-02-12 16:00:00.001,8040.183203340032
2026-02-13 00:00:00.007,8040.183203340032
2026-02-13 08:00:00.003,8040.183203340032
2026-02-13 16:00:00.005,8040.183203340032
2026-02-14 00:00:00.002,7816.217005609241
2026-02-14 08:00:00.004,7816.217005609241
2026-02-14 16:00:00.002,7816.217005609241
2026-02-15 00:00:00.000,7816.217005609241
2026-02-15 08:00:00.002,7816.217005609241
2026-02-15 16:00:00.000,7816.217005609241
2026-02-16 00:00:00.001,7816.217005609241
2026-02-16 08:00:00.003,7816.217005609241
2026-02-16 16:00:00.000,7816.217005609241
2026-02-17 00:00:00.008,7816.217005609241
2026-02-17 08:00:00.001,7816.217005609241
2026-02-17 16:00:00.002,7816.217005609241
2026-02-18 00:00:00.000,7816.217005609241
2026-02-18 08:00:00.000,7816.217005609241
2026-02-18 16:00:00.011,7816.217005609241
2026-02-19 00:00:00.013,7816.217005609241
2026-02-19 08:00:00.000,7816.217005609241
2026-02-19 16:00:00.003,7816.217005609241
2026-02-20 00:00:00.000,7816.217005609241
2026-02-20 08:00:00.000,7816.217005609241
2026-02-20 16:00:00.000,7816.217005609241
2026-02-21 00:00:00.004,7816.217005609241
2026-02-21 08:00:00.000,7816.217005609241
2026-02-21 16:00:00.005,7816.217005609241
2026-02-22 00:00:00.001,7816.217005609241
2026-02-22 08:00:00.004,7816.217005609241
2026-02-22 16:00:00.000,7816.217005609241
2026-02-23 00:00:00.001,7816.217005609241
2026-02-23 08:00:00.000,7816.217005609241
2026-02-23 16:00:00.000,7816.217005609241
2026-02-24 00:00:00.007,7816.217005609241
2026-02-24 08:00:00.000,7816.217005609241
2026-02-24 16:00:00.001,7816.217005609241
2026-02-25 00:00:00.001,7816.217005609241
2026-02-25 08:00:00.007,7816.217005609241
2026-02-25 16:00:00.000,7816.217005609241
2026-02-26 00:00:00.000,7816.217005609241
2026-02-26 08:00:00.006,7816.217005609241
2026-02-26 16:00:00.002,7816.217005609241
2026-02-27 00:00:00.007,7816.217005609241
2026-02-27 08:00:00.000,7816.217005609241
2026-02-27 16:00:00.001,7816.217005609241
2026-02-28 00:00:00.000,7816.217005609241
2026-02-28 08:00:00.000,7816.217005609241
2026-02-28 16:00:00.004,7816.217005609241
2026-03-01 00:00:00.005,7816.217005609241
2026-03-01 08:00:00.000,7816.217005609241
2026-03-01 16:00:00.002,7816.217005609241
2026-03-02 00:00:00.001,7816.217005609241
2026-03-02 08:00:00.007,7816.217005609241
2026-03-02 16:00:00.000,7816.217005609241
2026-03-03 00:00:00.000,7816.217005609241
2026-03-03 08:00:00.000,7816.217005609241
2026-03-03 16:00:00.007,7816.217005609241
2026-03-04 00:00:00.001,7816.217005609241
2026-03-04 08:00:00.005,7816.217005609241
2026-03-04 16:00:00.000,7816.217005609241
2026-03-05 00:00:00.000,7816.217005609241
2026-03-05 08:00:00.000,7816.217005609241
2026-03-05 16:00:00.004,7816.217005609241
2026-03-06 00:00:00.001,7816.217005609241
2026-03-06 08:00:00.001,7816.217005609241
2026-03-06 16:00:00.004,7816.217005609241
2026-03-07 00:00:00.001,7816.217005609241
2026-03-07 08:00:00.012,7816.217005609241
2026-03-07 16:00:00.001,7816.217005609241
2026-03-08 00:00:00.001,7816.217005609241
2026-03-08 08:00:00.000,7816.217005609241
2026-03-08 16:00:00.002,7816.217005609241
2026-03-09 00:00:00.000,7816.217005609241
2026-03-09 08:00:00.004,7816.217005609241
2026-03-09 16:00:00.003,7816.217005609241
2026-03-10 00:00:00.012,7816.217005609241
2026-03-10 08:00:00.002,7816.217005609241
2026-03-10 16:00:00.001,7816.217005609241
2026-03-11 00:00:00.000,7816.217005609241
2026-03-11 08:00:00.007,7816.217005609241
2026-03-11 16:00:00.010,7816.217005609241
2026-03-12 00:00:00.000,7816.217005609241
2026-03-12 08:00:00.000,7816.217005609241
2026-03-12 16:00:00.000,7816.217005609241
2026-03-13 00:00:00.006,7816.217005609241
2026-03-13 08:00:00.001,7816.217005609241
2026-03-13 16:00:00.000,7816.217005609241
2026-03-14 00:00:00.001,7816.217005609241
2026-03-14 08:00:00.000,7816.217005609241
2026-03-14 16:00:00.007,7816.217005609241
2026-03-15 00:00:00.000,7816.217005609241
2026-03-15 08:00:00.000,7816.217005609241
2026-03-15 16:00:00.000,7816.217005609241
2026-03-16 00:00:00.000,7816.217005609241
2026-03-16 08:00:00.010,7816.217005609241
2026-03-16 16:00:00.000,7816.217005609241
2026-03-17 00:00:00.000,7816.217005609241
2026-03-17 08:00:00.002,7816.217005609241
2026-03-17 16:00:00.011,7816.217005609241
2026-03-18 00:00:00.002,7816.217005609241
2026-03-18 08:00:00.002,7816.217005609241
2026-03-18 16:00:00.005,7816.217005609241
2026-03-19 00:00:00.000,7816.217005609241
2026-03-19 08:00:00.003,7816.217005609241
2026-03-19 16:00:00.003,7816.217005609241
2026-03-20 00:00:00.002,7816.217005609241
2026-03-20 08:00:00.000,7816.217005609241
2026-03-20 16:00:00.000,7816.217005609241
2026-03-21 00:00:00.000,7816.217005609241
2026-03-21 08:00:00.000,7816.217005609241
2026-03-21 16:00:00.014,7816.217005609241
2026-03-22 00:00:00.012,7816.217005609241
2026-03-22 08:00:00.007,7816.217005609241
2026-03-22 16:00:00.002,7816.217005609241
2026-03-23 00:00:00.000,7816.217005609241
2026-03-23 08:00:00.003,7816.217005609241
2026-03-23 16:00:00.002,7816.217005609241
2026-03-24 00:00:00.000,7816.217005609241
2026-03-24 08:00:00.000,7816.217005609241
2026-03-24 16:00:00.003,7816.217005609241
2026-03-25 00:00:00.000,7816.217005609241
2026-03-25 08:00:00.000,7816.217005609241
2026-03-25 16:00:00.013,7816.217005609241
2026-03-26 00:00:00.001,7816.217005609241
2026-03-26 08:00:00.001,7816.217005609241
2026-03-26 16:00:00.000,7816.217005609241
2026-03-27 00:00:00.006,7816.217005609241
2026-03-27 08:00:00.000,7816.217005609241
2026-03-27 16:00:00.000,7816.217005609241
2026-03-28 00:00:00.005,7816.217005609241
2026-03-28 08:00:00.005,7816.217005609241
2026-03-28 16:00:00.000,7816.217005609241
2026-03-29 00:00:00.003,7816.217005609241
2026-03-29 08:00:00.001,7816.217005609241
2026-03-29 16:00:00.000,7816.217005609241
2026-03-30 00:00:00.000,7816.217005609241
2026-03-30 08:00:00.005,7816.217005609241
2026-03-30 16:00:00.000,7816.217005609241
2026-03-31 00:00:00.000,7816.217005609241
2026-03-31 08:00:00.000,7816.217005609241
2026-03-31 16:00:00.000,7816.217005609241
2026-04-01 00:00:00.000,7816.217005609241
2026-04-01 08:00:00.000,7816.217005609241
2026-04-01 16:00:00.000,7816.217005609241
2026-04-02 00:00:00.003,7816.217005609241
2026-04-02 08:00:00.001,7816.217005609241
2026-04-02 16:00:00.001,7816.217005609241
2026-04-03 00:00:00.000,7816.217005609241
2026-04-03 08:00:00.008,7816.217005609241
2026-04-03 16:00:00.008,7816.217005609241
2026-04-04 00:00:00.000,7816.217005609241
2026-04-04 08:00:00.003,7816.217005609241
2026-04-04 16:00:00.000,7816.217005609241
2026-04-05 00:00:00.008,7816.217005609241
2026-04-05 08:00:00.000,7816.217005609241
2026-04-05 16:00:00.001,7816.217005609241
2026-04-06 00:00:00.004,7816.217005609241
2026-04-06 08:00:00.001,7816.217005609241
2026-04-06 16:00:00.003,7816.217005609241
2026-04-07 00:00:00.000,7816.217005609241
2026-04-07 08:00:00.000,7816.217005609241
2026-04-07 16:00:00.000,7816.217005609241
2026-04-08 00:00:00.000,7816.217005609241
2026-04-08 08:00:00.000,7816.217005609241
2026-04-08 16:00:00.006,7816.217005609241
2026-04-09 00:00:00.000,7816.217005609241
2026-04-09 08:00:00.010,7816.217005609241
2026-04-09 16:00:00.001,7816.217005609241
2026-04-10 00:00:00.000,7816.217005609241
2026-04-10 08:00:00.005,7816.217005609241
2026-04-10 16:00:00.000,7816.217005609241
2026-04-11 00:00:00.000,7816.217005609241
2026-04-11 08:00:00.000,7816.217005609241
2026-04-11 16:00:00.003,7816.217005609241
2026-04-12 00:00:00.000,7816.217005609241
2026-04-12 08:00:00.000,7816.217005609241
2026-04-12 16:00:00.000,7816.217005609241
2026-04-13 00:00:00.011,7816.217005609241
2026-04-13 08:00:00.006,7816.217005609241
2026-04-13 16:00:00.000,7816.217005609241
2026-04-14 00:00:00.005,7816.217005609241
2026-04-14 08:00:00.003,7816.217005609241
2026-04-14 16:00:00.001,7816.217005609241
2026-04-15 00:00:00.000,7816.217005609241
2026-04-15 08:00:00.000,7816.217005609241
2026-04-15 16:00:00.000,7816.217005609241
2026-04-16 00:00:00.013,7816.217005609241
2026-04-16 08:00:00.000,7816.217005609241
2026-04-16 16:00:00.000,7816.217005609241
2026-04-17 00:00:00.001,7816.217005609241
2026-04-17 08:00:00.011,7816.217005609241
2026-04-17 16:00:00.001,7816.217005609241
2026-04-18 00:00:00.001,7816.217005609241
2026-04-18 08:00:00.006,7816.217005609241
2026-04-18 16:00:00.000,7816.217005609241
2026-04-19 00:00:00.002,7816.217005609241
2026-04-19 08:00:00.010,7816.217005609241
2026-04-19 16:00:00.001,7816.217005609241
2026-04-20 00:00:00.000,7816.217005609241
2026-04-20 08:00:00.000,7816.217005609241
2026-04-20 16:00:00.001,7816.217005609241
2026-04-21 00:00:00.000,7816.217005609241
2026-04-21 08:00:00.004,7816.217005609241
2026-04-21 16:00:00.004,7816.217005609241
2026-04-22 00:00:00.004,7816.217005609241
2026-04-22 08:00:00.000,7816.217005609241
2026-04-22 16:00:00.000,7816.217005609241
2026-04-23 00:00:00.000,7816.217005609241
2026-04-23 08:00:00.000,7816.217005609241
2026-04-23 16:00:00.004,7816.217005609241
2026-04-24 00:00:00.006,7816.217005609241
2026-04-24 08:00:00.000,7816.217005609241
2026-04-24 16:00:00.000,7816.217005609241
2026-04-25 00:00:00.000,7816.217005609241
2026-04-25 08:00:00.002,7816.217005609241
2026-04-25 16:00:00.002,7816.217005609241
2026-04-26 00:00:00.003,7816.217005609241
2026-04-26 08:00:00.007,7816.217005609241
2026-04-26 16:00:00.004,7816.217005609241
2026-04-27 00:00:00.004,7816.217005609241
2026-04-27 08:00:00.000,7816.217005609241
2026-04-27 16:00:00.002,7816.217005609241
2026-04-28 00:00:00.001,7816.217005609241
2026-04-28 08:00:00.000,7816.217005609241
2026-04-28 16:00:00.004,7816.217005609241
2026-04-29 00:00:00.006,7816.217005609241
2026-04-29 08:00:00.011,7816.217005609241
2026-04-29 16:00:00.003,7816.217005609241
2026-04-30 00:00:00.002,7816.217005609241
2026-04-30 08:00:00.000,7816.217005609241
2026-04-30 16:00:00.000,7816.217005609241
2026-05-01 00:00:00.000,7816.217005609241
2026-05-01 08:00:00.005,7816.217005609241
2026-05-01 16:00:00.000,7816.217005609241
2026-05-02 00:00:00.006,7816.217005609241
2026-05-02 08:00:00.000,7816.217005609241
2026-05-02 16:00:00.010,7816.217005609241
2026-05-03 00:00:00.005,7816.217005609241
2026-05-03 08:00:00.003,7816.217005609241
2026-05-03 16:00:00.000,7816.217005609241
2026-05-04 00:00:00.000,7816.217005609241
2026-05-04 08:00:00.000,7816.217005609241
2026-05-04 16:00:00.003,7816.217005609241
2026-05-05 00:00:00.000,7816.217005609241
2026-05-05 08:00:00.011,7816.217005609241
2026-05-05 16:00:00.000,7816.217005609241
2026-05-06 00:00:00.010,7816.217005609241
2026-05-06 08:00:00.000,7816.217005609241
2026-05-06 16:00:00.002,7816.217005609241
2026-05-07 00:00:00.000,7816.217005609241
2026-05-07 08:00:00.000,7816.217005609241
2026-05-07 16:00:00.004,7816.217005609241
2026-05-08 00:00:00.003,7816.217005609241
2026-05-08 08:00:00.002,7816.217005609241
2026-05-08 16:00:00.003,7816.217005609241
2026-05-09 00:00:00.000,7816.217005609241
2026-05-09 08:00:00.001,7816.217005609241
2026-05-09 16:00:00.002,7816.217005609241
2026-05-10 00:00:00.003,7816.217005609241
2026-05-10 08:00:00.000,7816.217005609241
2026-05-10 16:00:00.000,7816.217005609241
2026-05-11 00:00:00.000,7816.217005609241
2026-05-11 08:00:00.000,7816.217005609241
2026-05-11 16:00:00.000,7816.217005609241
2026-05-12 00:00:00.002,7816.217005609241
2026-05-12 08:00:00.008,7816.217005609241
2026-05-12 16:00:00.000,7816.217005609241
2026-05-13 00:00:00.010,7816.217005609241
2026-05-13 08:00:00.003,7816.217005609241
2026-05-13 16:00:00.001,7816.217005609241
2026-05-14 00:00:00.005,7816.217005609241
2026-05-14 08:00:00.000,7816.217005609241
2026-05-14 16:00:00.000,7816.217005609241
2026-05-15 00:00:00.000,7816.217005609241
